Workload,Arm,Family,Qubits,Seed,Reps,Status,Time_min_s,Time_median_s,Time_stdev_s,Final_2Q_Gates,Final_Depth,Coupling_Violations,Off_Basis,PSF_Blocks,Peak_RSS_MB,RSS_Delta_MB,TraceMalloc_Peak_MB,Equiv_Infidelity,Platform,Python,Qiskit,StartMethod,CPU
dense,qiskit_opt1,Qiskit,50,1,3,success,0.018393800000922056,0.0190868000008777,0.00044297131171876496,1500,225,0,,,206.875,1.62109375,0.1869497299194336,3.1086244689504383e-15,Windows-10-10.0.26100-SP0,3.10.11,2.5.2,spawn,"AMD64 Family 25 Model 80 Stepping 0, AuthenticAMD"
dense,qiskit_opt2,Qiskit,50,1,3,success,0.019262599998910446,0.01966299999912735,0.0007755696742576941,75,16,0,,,203.8125,1.5546875,0.19823169708251953,3.3306690738754696e-15,Windows-10-10.0.26100-SP0,3.10.11,2.5.2,spawn,"AMD64 Family 25 Model 80 Stepping 0, AuthenticAMD"
dense,qiskit_opt3,Qiskit,50,1,3,success,0.03748570000061591,0.03833189999932074,0.0005822406919150208,75,16,0,,,203.5,0.2109375,0.1977977752685547,3.3306690738754696e-15,Windows-10-10.0.26100-SP0,3.10.11,2.5.2,spawn,"AMD64 Family 25 Model 80 Stepping 0, AuthenticAMD"
dense,psf_rl1_cx,PSF-Zero,50,1,3,success,0.014625100000557723,0.014985399999204674,0.0005630957501597469,75,23,0,,PSF-Zero Rust Core executed for 25/25 blocks (0 fell back); block_gate_floor=12; verify=False; entangling_basis=cx.,184.3359375,0.58984375,0.20705795288085938,1.5543122344752192e-15,Windows-10-10.0.26100-SP0,3.10.11,2.5.2,spawn,"AMD64 Family 25 Model 80 Stepping 0, AuthenticAMD"
dense,psf_rl2_cx,PSF-Zero,50,1,3,success,0.017199299998537754,0.017806699999709963,0.000618432611437989,75,16,0,,PSF-Zero Rust Core executed for 25/25 blocks (0 fell back); block_gate_floor=12; verify=False; entangling_basis=cx.,185.7265625,0.54296875,0.21732711791992188,3.774758283725532e-15,Windows-10-10.0.26100-SP0,3.10.11,2.5.2,spawn,"AMD64 Family 25 Model 80 Stepping 0, AuthenticAMD"
dense,qiskit_opt1,Qiskit,50,2,3,success,0.018396699999357224,0.01874390000011772,0.0006196028083964166,1500,225,0,,,205.2109375,1.9375,0.18680953979492188,3.1086244689504383e-15,Windows-10-10.0.26100-SP0,3.10.11,2.5.2,spawn,"AMD64 Family 25 Model 80 Stepping 0, AuthenticAMD"
dense,qiskit_opt2,Qiskit,50,2,3,success,0.019249499999205,0.019908700000087265,0.0010589784531723316,75,16,0,,,203.109375,3.2890625,0.1975688934326172,3.3306690738754696e-15,Windows-10-10.0.26100-SP0,3.10.11,2.5.2,spawn,"AMD64 Family 25 Model 80 Stepping 0, AuthenticAMD"
dense,qiskit_opt3,Qiskit,50,2,3,success,0.03768130000025849,0.039070699998774217,0.0015403910720553898,75,16,0,,,201.69921875,0.421875,0.19640254974365234,3.3306690738754696e-15,Windows-10-10.0.26100-SP0,3.10.11,2.5.2,spawn,"AMD64 Family 25 Model 80 Stepping 0, AuthenticAMD"
dense,psf_rl1_cx,PSF-Zero,50,2,3,success,0.014683199999126373,0.014800700000705547,0.0012356856823023616,75,23,0,,PSF-Zero Rust Core executed for 25/25 blocks (0 fell back); block_gate_floor=12; verify=False; entangling_basis=cx.,184.21875,0.68359375,0.2069101333618164,1.5543122344752192e-15,Windows-10-10.0.26100-SP0,3.10.11,2.5.2,spawn,"AMD64 Family 25 Model 80 Stepping 0, AuthenticAMD"
dense,psf_rl2_cx,PSF-Zero,50,2,3,success,0.01856249999946158,0.018819799999619136,0.0003322859670633493,75,16,0,,PSF-Zero Rust Core executed for 25/25 blocks (0 fell back); block_gate_floor=12; verify=False; entangling_basis=cx.,185.62109375,0.546875,0.2190847396850586,3.774758283725532e-15,Windows-10-10.0.26100-SP0,3.10.11,2.5.2,spawn,"AMD64 Family 25 Model 80 Stepping 0, AuthenticAMD"
dense,qiskit_opt1,Qiskit,50,3,3,success,0.019205299999157432,0.019683200000145007,0.000313741364229867,1500,225,0,,,206.5546875,2.40625,0.18659210205078125,3.1086244689504383e-15,Windows-10-10.0.26100-SP0,3.10.11,2.5.2,spawn,"AMD64 Family 25 Model 80 Stepping 0, AuthenticAMD"
dense,qiskit_opt2,Qiskit,50,3,3,success,0.019998200001282385,0.020629399999961606,0.0012839290529984629,75,16,0,,,203.44140625,3.87109375,0.19727516174316406,3.3306690738754696e-15,Windows-10-10.0.26100-SP0,3.10.11,2.5.2,spawn,"AMD64 Family 25 Model 80 Stepping 0, AuthenticAMD"
dense,qiskit_opt3,Qiskit,50,3,3,success,0.04042160000062722,0.05442369999946095,0.01566933688771033,75,16,0,,,205.046875,0.328125,0.19580745697021484,3.3306690738754696e-15,Windows-10-10.0.26100-SP0,3.10.11,2.5.2,spawn,"AMD64 Family 25 Model 80 Stepping 0, AuthenticAMD"
dense,psf_rl1_cx,PSF-Zero,50,3,3,success,0.014884399999573361,0.014956900000470341,0.0006684870996115991,75,23,0,,PSF-Zero Rust Core executed for 25/25 blocks (0 fell back); block_gate_floor=12; verify=False; entangling_basis=cx.,183.9609375,0.48828125,0.2089376449584961,1.5543122344752192e-15,Windows-10-10.0.26100-SP0,3.10.11,2.5.2,spawn,"AMD64 Family 25 Model 80 Stepping 0, AuthenticAMD"
dense,psf_rl2_cx,PSF-Zero,50,3,3,success,0.016867700000148034,0.01731899999867892,0.0008472352229935509,75,16,0,,PSF-Zero Rust Core executed for 25/25 blocks (0 fell back); block_gate_floor=12; verify=False; entangling_basis=cx.,185.87109375,0.66796875,0.22434043884277344,3.774758283725532e-15,Windows-10-10.0.26100-SP0,3.10.11,2.5.2,spawn,"AMD64 Family 25 Model 80 Stepping 0, AuthenticAMD"
dense,qiskit_opt1,Qiskit,100,1,3,success,0.030025099998965743,0.030385599999135593,0.003357197830044171,3000,225,0,,,216.51171875,0.44921875,0.28650665283203125,3.1086244689504383e-15,Windows-10-10.0.26100-SP0,3.10.11,2.5.2,spawn,"AMD64 Family 25 Model 80 Stepping 0, AuthenticAMD"
dense,qiskit_opt2,Qiskit,100,1,3,success,1.0148718999989796,1.0228373000009015,0.005097679973379101,150,16,0,,,205.7265625,1.8046875,0.30189037322998047,3.3306690738754696e-15,Windows-10-10.0.26100-SP0,3.10.11,2.5.2,spawn,"AMD64 Family 25 Model 80 Stepping 0, AuthenticAMD"
dense,qiskit_opt3,Qiskit,100,1,3,success,11.516834100000779,11.650953699998354,0.24649531193406915,150,16,0,,,204.60546875,0.23046875,0.3044729232788086,3.3306690738754696e-15,Windows-10-10.0.26100-SP0,3.10.11,2.5.2,spawn,"AMD64 Family 25 Model 80 Stepping 0, AuthenticAMD"
dense,psf_rl1_cx,PSF-Zero,100,1,3,success,0.022294599999440834,0.02238059999945108,0.0009815717414243742,150,23,0,,PSF-Zero Rust Core executed for 50/50 blocks (0 fell back); block_gate_floor=12; verify=False; entangling_basis=cx.,188.30078125,0.5703125,0.33040714263916016,1.5543122344752192e-15,Windows-10-10.0.26100-SP0,3.10.11,2.5.2,spawn,"AMD64 Family 25 Model 80 Stepping 0, AuthenticAMD"
dense,psf_rl2_cx,PSF-Zero,100,1,3,success,0.9910987000002933,1.0001076000007743,0.009220503255951858,150,16,0,,PSF-Zero Rust Core executed for 50/50 blocks (0 fell back); block_gate_floor=12; verify=False; entangling_basis=cx.,189.8671875,0.49609375,0.3412189483642578,3.774758283725532e-15,Windows-10-10.0.26100-SP0,3.10.11,2.5.2,spawn,"AMD64 Family 25 Model 80 Stepping 0, AuthenticAMD"
dense,qiskit_opt1,Qiskit,100,2,3,success,0.030612599999585655,0.030750699999771314,0.0014722755936216875,3000,225,0,,,219.09765625,2.35546875,0.2866373062133789,3.1086244689504383e-15,Windows-10-10.0.26100-SP0,3.10.11,2.5.2,spawn,"AMD64 Family 25 Model 80 Stepping 0, AuthenticAMD"
dense,qiskit_opt2,Qiskit,100,2,3,success,1.007792000000336,1.0081743999999162,0.006827131276325471,150,16,0,,,205.1484375,0.71875,0.3023662567138672,3.3306690738754696e-15,Windows-10-10.0.26100-SP0,3.10.11,2.5.2,spawn,"AMD64 Family 25 Model 80 Stepping 0, AuthenticAMD"
dense,qiskit_opt3,Qiskit,100,2,3,success,11.509901699999318,11.545083800001521,0.0916792152214299,150,16,0,,,205.46875,0.16015625,0.3064708709716797,3.3306690738754696e-15,Windows-10-10.0.26100-SP0,3.10.11,2.5.2,spawn,"AMD64 Family 25 Model 80 Stepping 0, AuthenticAMD"
dense,psf_rl1_cx,PSF-Zero,100,2,3,success,0.0239504000001034,0.024607199999081786,0.0014551102788024654,150,23,0,,PSF-Zero Rust Core executed for 50/50 blocks (0 fell back); block_gate_floor=12; verify=False; entangling_basis=cx.,187.9375,0.62890625,0.33056068420410156,1.5543122344752192e-15,Windows-10-10.0.26100-SP0,3.10.11,2.5.2,spawn,"AMD64 Family 25 Model 80 Stepping 0, AuthenticAMD"
dense,psf_rl2_cx,PSF-Zero,100,2,3,success,0.9994119000002684,1.0020346000001155,0.007885071244949913,150,16,0,,PSF-Zero Rust Core executed for 50/50 blocks (0 fell back); block_gate_floor=12; verify=False; entangling_basis=cx.,189.82421875,0.45703125,0.3413963317871094,3.774758283725532e-15,Windows-10-10.0.26100-SP0,3.10.11,2.5.2,spawn,"AMD64 Family 25 Model 80 Stepping 0, AuthenticAMD"
dense,qiskit_opt1,Qiskit,100,3,3,success,0.030970699999670614,0.031129599999985658,0.0006937761331167198,3000,225,0,,,221.05859375,1.65234375,0.28493690490722656,3.1086244689504383e-15,Windows-10-10.0.26100-SP0,3.10.11,2.5.2,spawn,"AMD64 Family 25 Model 80 Stepping 0, AuthenticAMD"
dense,qiskit_opt2,Qiskit,100,3,3,success,1.0330145999996603,1.0377514000010706,0.003715582565007876,150,16,0,,,205.09375,1.32421875,0.30936336517333984,3.3306690738754696e-15,Windows-10-10.0.26100-SP0,3.10.11,2.5.2,spawn,"AMD64 Family 25 Model 80 Stepping 0, AuthenticAMD"
dense,qiskit_opt3,Qiskit,100,3,3,success,11.674956900000325,11.813116399998762,0.0894497660784079,150,16,0,,,205.1640625,0.3828125,0.30338382720947266,3.3306690738754696e-15,Windows-10-10.0.26100-SP0,3.10.11,2.5.2,spawn,"AMD64 Family 25 Model 80 Stepping 0, AuthenticAMD"
dense,psf_rl1_cx,PSF-Zero,100,3,3,success,0.023099300000467338,0.023349200000666315,0.0007756676496252495,150,23,0,,PSF-Zero Rust Core executed for 50/50 blocks (0 fell back); block_gate_floor=12; verify=False; entangling_basis=cx.,187.8359375,0.08203125,0.3329200744628906,1.5543122344752192e-15,Windows-10-10.0.26100-SP0,3.10.11,2.5.2,spawn,"AMD64 Family 25 Model 80 Stepping 0, AuthenticAMD"
dense,psf_rl2_cx,PSF-Zero,100,3,3,success,0.9962974999998551,1.0044237000001885,0.006528928142712987,150,16,0,,PSF-Zero Rust Core executed for 50/50 blocks (0 fell back); block_gate_floor=12; verify=False; entangling_basis=cx.,190.19921875,0.484375,0.33861446380615234,3.774758283725532e-15,Windows-10-10.0.26100-SP0,3.10.11,2.5.2,spawn,"AMD64 Family 25 Model 80 Stepping 0, AuthenticAMD"
dense,qiskit_opt1,Qiskit,156,1,3,success,0.09005549999892537,0.09102789999997185,0.0006071642648226424,4686,453,0,,,245.91796875,4.29296875,0.3532228469848633,3.1086244689504383e-15,Windows-10-10.0.26100-SP0,3.10.11,2.5.2,spawn,"AMD64 Family 25 Model 80 Stepping 0, AuthenticAMD"
dense,qiskit_opt2,Qiskit,156,1,3,success,1.3508660000006785,1.3567449000001943,0.009149091791195036,240,35,0,,,221.8359375,0.6640625,0.3593463897705078,3.3306690738754696e-15,Windows-10-10.0.26100-SP0,3.10.11,2.5.2,spawn,"AMD64 Family 25 Model 80 Stepping 0, AuthenticAMD"
dense,qiskit_opt3,Qiskit,156,1,3,success,15.345031499999095,15.525920100000803,0.1596690972344231,240,35,0,,,224.671875,0.12890625,0.36087608337402344,3.3306690738754696e-15,Windows-10-10.0.26100-SP0,3.10.11,2.5.2,spawn,"AMD64 Family 25 Model 80 Stepping 0, AuthenticAMD"
dense,psf_rl1_cx,PSF-Zero,156,1,3,success,0.0653517999999167,0.0659496999996918,0.0017432398895513449,240,44,0,,PSF-Zero Rust Core executed for 78/78 blocks (0 fell back); block_gate_floor=12; verify=False; entangling_basis=cx.,195.89453125,0.96484375,0.4158620834350586,1.5543122344752192e-15,Windows-10-10.0.26100-SP0,3.10.11,2.5.2,spawn,"AMD64 Family 25 Model 80 Stepping 0, AuthenticAMD"
dense,psf_rl2_cx,PSF-Zero,156,1,3,success,1.3305782999996154,1.3375073999995948,0.005294304572435485,240,35,0,,PSF-Zero Rust Core executed for 78/78 blocks (0 fell back); block_gate_floor=12; verify=False; entangling_basis=cx.,196.4453125,0.74609375,0.4159727096557617,3.774758283725532e-15,Windows-10-10.0.26100-SP0,3.10.11,2.5.2,spawn,"AMD64 Family 25 Model 80 Stepping 0, AuthenticAMD"
dense,qiskit_opt1,Qiskit,156,2,3,success,0.08449360000122397,0.08467469999959576,0.0008710622258554844,4686,453,0,,,248.484375,4.49609375,0.35274410247802734,3.1086244689504383e-15,Windows-10-10.0.26100-SP0,3.10.11,2.5.2,spawn,"AMD64 Family 25 Model 80 Stepping 0, AuthenticAMD"
dense,qiskit_opt2,Qiskit,156,2,3,success,1.3487036999995325,1.3554901000006794,0.004281034296323496,240,35,0,,,222.1171875,2.1015625,0.35986328125,3.3306690738754696e-15,Windows-10-10.0.26100-SP0,3.10.11,2.5.2,spawn,"AMD64 Family 25 Model 80 Stepping 0, AuthenticAMD"
dense,qiskit_opt3,Qiskit,156,2,3,success,15.838676700001088,16.339890100000048,0.39388657293401674,240,35,0,,,224.484375,0.65625,0.36101341247558594,3.3306690738754696e-15,Windows-10-10.0.26100-SP0,3.10.11,2.5.2,spawn,"AMD64 Family 25 Model 80 Stepping 0, AuthenticAMD"
dense,psf_rl1_cx,PSF-Zero,156,2,3,success,0.06628569999884348,0.06664040000032401,0.0008637311100295136,240,44,0,,PSF-Zero Rust Core executed for 78/78 blocks (0 fell back); block_gate_floor=12; verify=False; entangling_basis=cx.,197.7578125,1.609375,0.4158658981323242,1.5543122344752192e-15,Windows-10-10.0.26100-SP0,3.10.11,2.5.2,spawn,"AMD64 Family 25 Model 80 Stepping 0, AuthenticAMD"
dense,psf_rl2_cx,PSF-Zero,156,2,3,success,1.3286017999998876,1.346686700000646,0.0206045683409201,240,35,0,,PSF-Zero Rust Core executed for 78/78 blocks (0 fell back); block_gate_floor=12; verify=False; entangling_basis=cx.,195.84765625,0.78515625,0.4159727096557617,3.774758283725532e-15,Windows-10-10.0.26100-SP0,3.10.11,2.5.2,spawn,"AMD64 Family 25 Model 80 Stepping 0, AuthenticAMD"
dense,qiskit_opt1,Qiskit,156,3,3,success,0.08910470000046189,0.09007539999947767,0.0010010013630394727,4686,453,0,,,245.90234375,4.9921875,0.3542823791503906,3.1086244689504383e-15,Windows-10-10.0.26100-SP0,3.10.11,2.5.2,spawn,"AMD64 Family 25 Model 80 Stepping 0, AuthenticAMD"
dense,qiskit_opt2,Qiskit,156,3,3,success,1.367654900001071,1.3818762000009883,0.01747494222802833,240,35,0,,,222.2109375,1.3515625,0.3617544174194336,3.3306690738754696e-15,Windows-10-10.0.26100-SP0,3.10.11,2.5.2,spawn,"AMD64 Family 25 Model 80 Stepping 0, AuthenticAMD"
dense,qiskit_opt3,Qiskit,156,3,3,success,15.37832359999993,15.423388700000942,0.18406410439418755,240,35,0,,,222.7734375,0.13671875,0.3599710464477539,3.3306690738754696e-15,Windows-10-10.0.26100-SP0,3.10.11,2.5.2,spawn,"AMD64 Family 25 Model 80 Stepping 0, AuthenticAMD"
dense,psf_rl1_cx,PSF-Zero,156,3,3,success,0.06367619999946328,0.06463340000118478,0.0006131712900589273,240,44,0,,PSF-Zero Rust Core executed for 78/78 blocks (0 fell back); block_gate_floor=12; verify=False; entangling_basis=cx.,195.015625,0.69140625,0.4158658981323242,1.5543122344752192e-15,Windows-10-10.0.26100-SP0,3.10.11,2.5.2,spawn,"AMD64 Family 25 Model 80 Stepping 0, AuthenticAMD"
dense,psf_rl2_cx,PSF-Zero,156,3,3,success,1.3505707000003895,1.3526772999994137,0.028286398162350932,240,35,0,,PSF-Zero Rust Core executed for 78/78 blocks (0 fell back); block_gate_floor=12; verify=False; entangling_basis=cx.,196.609375,0.80859375,0.4159727096557617,3.774758283725532e-15,Windows-10-10.0.26100-SP0,3.10.11,2.5.2,spawn,"AMD64 Family 25 Model 80 Stepping 0, AuthenticAMD"
dense,qiskit_opt1,Qiskit,300,1,3,success,0.09782110000014654,0.09860139999909734,0.0007374238688985048,9000,225,0,,,295.4609375,3.13671875,0.7118062973022461,3.1086244689504383e-15,Windows-10-10.0.26100-SP0,3.10.11,2.5.2,spawn,"AMD64 Family 25 Model 80 Stepping 0, AuthenticAMD"
dense,qiskit_opt2,Qiskit,300,1,3,success,0.07125149999956193,0.07168730000012147,0.0020134986328546657,450,16,0,,,254.34765625,0.90234375,0.71966552734375,3.3306690738754696e-15,Windows-10-10.0.26100-SP0,3.10.11,2.5.2,spawn,"AMD64 Family 25 Model 80 Stepping 0, AuthenticAMD"
dense,qiskit_opt3,Qiskit,300,1,3,success,0.1188443000010011,0.12216009999974631,0.002784803851298193,450,16,0,,,255.3359375,0.7734375,0.7236433029174805,3.3306690738754696e-15,Windows-10-10.0.26100-SP0,3.10.11,2.5.2,spawn,"AMD64 Family 25 Model 80 Stepping 0, AuthenticAMD"
dense,psf_rl1_cx,PSF-Zero,300,1,3,success,0.061620300000868156,0.06282029999965744,0.0007251317320430905,450,23,0,,PSF-Zero Rust Core executed for 150/150 blocks (0 fell back); block_gate_floor=12; verify=False; entangling_basis=cx.,206.8828125,1.796875,0.8491106033325195,1.5543122344752192e-15,Windows-10-10.0.26100-SP0,3.10.11,2.5.2,spawn,"AMD64 Family 25 Model 80 Stepping 0, AuthenticAMD"
dense,psf_rl2_cx,PSF-Zero,300,1,3,success,0.06184669999856851,0.06344880000142439,0.001027427083877423,450,16,0,,PSF-Zero Rust Core executed for 150/150 blocks (0 fell back); block_gate_floor=12; verify=False; entangling_basis=cx.,206.90625,0.98828125,0.8521881103515625,3.774758283725532e-15,Windows-10-10.0.26100-SP0,3.10.11,2.5.2,spawn,"AMD64 Family 25 Model 80 Stepping 0, AuthenticAMD"
dense,qiskit_opt1,Qiskit,300,2,3,success,0.09327990000019781,0.09431430000040564,0.002028698500041383,9000,225,0,,,295.5625,1.70703125,0.7111091613769531,3.1086244689504383e-15,Windows-10-10.0.26100-SP0,3.10.11,2.5.2,spawn,"AMD64 Family 25 Model 80 Stepping 0, AuthenticAMD"
dense,qiskit_opt2,Qiskit,300,2,3,success,0.07080379999933939,0.07478450000053272,0.002740954929657999,450,16,0,,,274.6328125,1.2265625,0.7224340438842773,3.3306690738754696e-15,Windows-10-10.0.26100-SP0,3.10.11,2.5.2,spawn,"AMD64 Family 25 Model 80 Stepping 0, AuthenticAMD"
dense,qiskit_opt3,Qiskit,300,2,3,success,0.11715399999957299,0.11743399999977555,0.011924779221388432,450,16,0,,,265.41796875,0.67578125,0.7233552932739258,3.3306690738754696e-15,Windows-10-10.0.26100-SP0,3.10.11,2.5.2,spawn,"AMD64 Family 25 Model 80 Stepping 0, AuthenticAMD"
dense,psf_rl1_cx,PSF-Zero,300,2,3,success,0.0593641999985266,0.06046690000039234,0.0010461195741403215,450,23,0,,PSF-Zero Rust Core executed for 150/150 blocks (0 fell back); block_gate_floor=12; verify=False; entangling_basis=cx.,205.94921875,1.6328125,0.8444223403930664,1.5543122344752192e-15,Windows-10-10.0.26100-SP0,3.10.11,2.5.2,spawn,"AMD64 Family 25 Model 80 Stepping 0, AuthenticAMD"
dense,psf_rl2_cx,PSF-Zero,300,2,3,success,0.060684099998979946,0.06154460000107065,0.0008880409137160062,450,16,0,,PSF-Zero Rust Core executed for 150/150 blocks (0 fell back); block_gate_floor=12; verify=False; entangling_basis=cx.,205.8359375,1.13671875,0.851170539855957,3.774758283725532e-15,Windows-10-10.0.26100-SP0,3.10.11,2.5.2,spawn,"AMD64 Family 25 Model 80 Stepping 0, AuthenticAMD"
dense,qiskit_opt1,Qiskit,300,3,3,success,0.08990150000136055,0.09354009999879054,0.003018008730658953,9000,225,0,,,308.3828125,7.85546875,0.7114543914794922,3.1086244689504383e-15,Windows-10-10.0.26100-SP0,3.10.11,2.5.2,spawn,"AMD64 Family 25 Model 80 Stepping 0, AuthenticAMD"
dense,qiskit_opt2,Qiskit,300,3,3,success,0.06981850000011036,0.07183170000098471,0.0012467713396425984,450,16,0,,,257.85546875,0.94921875,0.7238245010375977,3.3306690738754696e-15,Windows-10-10.0.26100-SP0,3.10.11,2.5.2,spawn,"AMD64 Family 25 Model 80 Stepping 0, AuthenticAMD"
dense,qiskit_opt3,Qiskit,300,3,3,success,0.11667780000061612,0.11738010000044596,0.0018375352482368206,450,16,0,,,258.48828125,1.734375,0.7225618362426758,3.3306690738754696e-15,Windows-10-10.0.26100-SP0,3.10.11,2.5.2,spawn,"AMD64 Family 25 Model 80 Stepping 0, AuthenticAMD"
dense,psf_rl1_cx,PSF-Zero,300,3,3,success,0.058702300000732066,0.05896079999911308,0.00039584739909162466,450,23,0,,PSF-Zero Rust Core executed for 150/150 blocks (0 fell back); block_gate_floor=12; verify=False; entangling_basis=cx.,206.16015625,1.33984375,0.840972900390625,1.5543122344752192e-15,Windows-10-10.0.26100-SP0,3.10.11,2.5.2,spawn,"AMD64 Family 25 Model 80 Stepping 0, AuthenticAMD"
dense,psf_rl2_cx,PSF-Zero,300,3,3,success,0.059007100000599166,0.05950440000015078,0.0006877019143998614,450,16,0,,PSF-Zero Rust Core executed for 150/150 blocks (0 fell back); block_gate_floor=12; verify=False; entangling_basis=cx.,206.65234375,0.9921875,0.8577756881713867,3.774758283725532e-15,Windows-10-10.0.26100-SP0,3.10.11,2.5.2,spawn,"AMD64 Family 25 Model 80 Stepping 0, AuthenticAMD"
passthrough,qiskit_opt1,Qiskit,50,1,3,success,0.20474660000036238,0.20834649999960675,0.0031477006436521704,38656,11338,0,,,262.80078125,3.421875,0.18642044067382812,3.1086244689504383e-15,Windows-10-10.0.26100-SP0,3.10.11,2.5.2,spawn,"AMD64 Family 25 Model 80 Stepping 0, AuthenticAMD"
passthrough,qiskit_opt2,Qiskit,50,1,3,success,0.7882506999994803,0.8101004000000103,0.013220365591821551,36288,11736,0,,,333.078125,48.67578125,0.22098445892333984,3.3306690738754696e-15,Windows-10-10.0.26100-SP0,3.10.11,2.5.2,spawn,"AMD64 Family 25 Model 80 Stepping 0, AuthenticAMD"
passthrough,qiskit_opt3,Qiskit,50,1,3,success,0.9313263999993069,0.9319821999997657,0.012209530802861399,36359,11794,0,,,373.0859375,6.89453125,0.2233591079711914,3.3306690738754696e-15,Windows-10-10.0.26100-SP0,3.10.11,2.5.2,spawn,"AMD64 Family 25 Model 80 Stepping 0, AuthenticAMD"
passthrough,psf_rl1_cx,PSF-Zero,50,1,3,success,0.22414369999933115,0.22829410000122152,0.004491564885843248,38656,11338,0,,PSF-Zero Rust Core executed for 0/0 blocks (0 fell back); block_gate_floor=12; verify=False; entangling_basis=cx.,259.72265625,7.57421875,0.25374794006347656,1.5543122344752192e-15,Windows-10-10.0.26100-SP0,3.10.11,2.5.2,spawn,"AMD64 Family 25 Model 80 Stepping 0, AuthenticAMD"
passthrough,psf_rl2_cx,PSF-Zero,50,1,3,success,0.8079764000012801,0.8151340000003984,0.05444104840515841,36288,11736,0,,PSF-Zero Rust Core executed for 0/0 blocks (0 fell back); block_gate_floor=12; verify=False; entangling_basis=cx.,334.8125,17.20703125,0.28865528106689453,3.774758283725532e-15,Windows-10-10.0.26100-SP0,3.10.11,2.5.2,spawn,"AMD64 Family 25 Model 80 Stepping 0, AuthenticAMD"
passthrough,qiskit_opt1,Qiskit,50,2,3,success,0.2826736000006349,0.2967817000007926,0.014967573869872278,46793,13790,0,,,294.8515625,6.05859375,0.19710254669189453,3.1086244689504383e-15,Windows-10-10.0.26100-SP0,3.10.11,2.5.2,spawn,"AMD64 Family 25 Model 80 Stepping 0, AuthenticAMD"
passthrough,qiskit_opt2,Qiskit,50,2,3,success,0.9252079999987473,0.9266599000002316,0.001269830817711935,44015,14727,0,,,386.3046875,1.77734375,0.2061471939086914,3.3306690738754696e-15,Windows-10-10.0.26100-SP0,3.10.11,2.5.2,spawn,"AMD64 Family 25 Model 80 Stepping 0, AuthenticAMD"
passthrough,qiskit_opt3,Qiskit,50,2,3,success,1.0530791000001045,1.0702273000006244,0.03649740203909844,44054,14652,0,,,385.1328125,2.51171875,0.206146240234375,3.3306690738754696e-15,Windows-10-10.0.26100-SP0,3.10.11,2.5.2,spawn,"AMD64 Family 25 Model 80 Stepping 0, AuthenticAMD"
passthrough,psf_rl1_cx,PSF-Zero,50,2,3,success,0.2746790000001056,0.2867898000004061,0.008627731366378948,46793,13790,0,,PSF-Zero Rust Core executed for 0/0 blocks (0 fell back); block_gate_floor=12; verify=False; entangling_basis=cx.,291.41015625,11.73828125,0.2861509323120117,1.5543122344752192e-15,Windows-10-10.0.26100-SP0,3.10.11,2.5.2,spawn,"AMD64 Family 25 Model 80 Stepping 0, AuthenticAMD"
passthrough,psf_rl2_cx,PSF-Zero,50,2,3,success,0.9410944000010204,0.9536360000001878,0.04911754203255076,44015,14727,0,,PSF-Zero Rust Core executed for 0/0 blocks (0 fell back); block_gate_floor=12; verify=False; entangling_basis=cx.,370.55859375,1.1796875,0.292510986328125,3.774758283725532e-15,Windows-10-10.0.26100-SP0,3.10.11,2.5.2,spawn,"AMD64 Family 25 Model 80 Stepping 0, AuthenticAMD"
passthrough,qiskit_opt1,Qiskit,50,3,3,success,0.28522010000051523,0.2893991000000824,0.009123752272579666,49314,14657,0,,,300.90625,7.51953125,0.19704055786132812,3.1086244689504383e-15,Windows-10-10.0.26100-SP0,3.10.11,2.5.2,spawn,"AMD64 Family 25 Model 80 Stepping 0, AuthenticAMD"
passthrough,qiskit_opt2,Qiskit,50,3,3,success,0.9642657999993389,1.014294799999334,0.028937490062692136,46456,15230,0,,,365.234375,44.22265625,0.20681285858154297,3.3306690738754696e-15,Windows-10-10.0.26100-SP0,3.10.11,2.5.2,spawn,"AMD64 Family 25 Model 80 Stepping 0, AuthenticAMD"
passthrough,qiskit_opt3,Qiskit,50,3,3,success,1.1338192000002891,1.161930599999323,0.01856141979257542,46447,15606,0,,,390.078125,2.453125,0.2063283920288086,3.3306690738754696e-15,Windows-10-10.0.26100-SP0,3.10.11,2.5.2,spawn,"AMD64 Family 25 Model 80 Stepping 0, AuthenticAMD"
passthrough,psf_rl1_cx,PSF-Zero,50,3,3,success,0.29756300000008196,0.3012992000003578,0.00528772215669833,49314,14657,0,,PSF-Zero Rust Core executed for 0/0 blocks (0 fell back); block_gate_floor=12; verify=False; entangling_basis=cx.,298.9296875,6.5703125,0.24378204345703125,1.5543122344752192e-15,Windows-10-10.0.26100-SP0,3.10.11,2.5.2,spawn,"AMD64 Family 25 Model 80 Stepping 0, AuthenticAMD"
passthrough,psf_rl2_cx,PSF-Zero,50,3,3,success,0.9564646999988327,0.9647973999999522,0.008385856039911979,46456,15230,0,,PSF-Zero Rust Core executed for 0/0 blocks (0 fell back); block_gate_floor=12; verify=False; entangling_basis=cx.,370.10546875,1.94140625,0.25451087951660156,3.774758283725532e-15,Windows-10-10.0.26100-SP0,3.10.11,2.5.2,spawn,"AMD64 Family 25 Model 80 Stepping 0, AuthenticAMD"
passthrough,qiskit_opt1,Qiskit,100,1,3,success,0.8359734999994544,0.8507747000003292,0.011039456850805032,111132,21138,0,,,369.76953125,12.09765625,0.2893657684326172,3.1086244689504383e-15,Windows-10-10.0.26100-SP0,3.10.11,2.5.2,spawn,"AMD64 Family 25 Model 80 Stepping 0, AuthenticAMD"
passthrough,qiskit_opt2,Qiskit,100,1,3,success,3.052685000000565,3.060993500001132,0.005449321637364129,105361,21674,0,,,405.42578125,40.54296875,0.31982994079589844,3.3306690738754696e-15,Windows-10-10.0.26100-SP0,3.10.11,2.5.2,spawn,"AMD64 Family 25 Model 80 Stepping 0, AuthenticAMD"
passthrough,qiskit_opt3,Qiskit,100,1,3,success,3.621880600001532,3.6693914999996196,0.029380663899099407,105634,21948,0,,,408.984375,23.3046875,0.3195915222167969,3.3306690738754696e-15,Windows-10-10.0.26100-SP0,3.10.11,2.5.2,spawn,"AMD64 Family 25 Model 80 Stepping 0, AuthenticAMD"
passthrough,psf_rl1_cx,PSF-Zero,100,1,3,success,0.895454299999983,0.9185459000000264,0.019548533612319775,111132,21138,0,,PSF-Zero Rust Core executed for 0/0 blocks (0 fell back); block_gate_floor=12; verify=False; entangling_basis=cx.,329.59375,3.3203125,0.4123964309692383,1.5543122344752192e-15,Windows-10-10.0.26100-SP0,3.10.11,2.5.2,spawn,"AMD64 Family 25 Model 80 Stepping 0, AuthenticAMD"
passthrough,psf_rl2_cx,PSF-Zero,100,1,3,success,3.2090128999989247,3.227614299999914,0.02027389607983169,105361,21674,0,,PSF-Zero Rust Core executed for 0/0 blocks (0 fell back); block_gate_floor=12; verify=False; entangling_basis=cx.,404.5703125,55.921875,0.44315147399902344,3.774758283725532e-15,Windows-10-10.0.26100-SP0,3.10.11,2.5.2,spawn,"AMD64 Family 25 Model 80 Stepping 0, AuthenticAMD"
passthrough,qiskit_opt1,Qiskit,100,2,3,success,0.9846572000005835,1.0049360999983037,0.029250202582881614,133079,26044,0,,,340.90625,61.81640625,0.2911872863769531,3.1086244689504383e-15,Windows-10-10.0.26100-SP0,3.10.11,2.5.2,spawn,"AMD64 Family 25 Model 80 Stepping 0, AuthenticAMD"
passthrough,qiskit_opt2,Qiskit,100,2,3,success,3.5774693000003026,3.5801883000003727,0.08900910011730294,127479,27575,0,,,418.2890625,32.34765625,0.33666324615478516,3.3306690738754696e-15,Windows-10-10.0.26100-SP0,3.10.11,2.5.2,spawn,"AMD64 Family 25 Model 80 Stepping 0, AuthenticAMD"
passthrough,qiskit_opt3,Qiskit,100,2,3,success,4.188186199999109,4.293420899999546,0.06791606709037425,127342,27615,0,,,459.0625,6.96484375,0.32059764862060547,3.3306690738754696e-15,Windows-10-10.0.26100-SP0,3.10.11,2.5.2,spawn,"AMD64 Family 25 Model 80 Stepping 0, AuthenticAMD"
passthrough,psf_rl1_cx,PSF-Zero,100,2,3,success,1.0196782999992138,1.0243814999994356,0.007544633999469914,133079,26044,0,,PSF-Zero Rust Core executed for 0/0 blocks (0 fell back); block_gate_floor=12; verify=False; entangling_basis=cx.,333.74609375,26.99609375,0.4407844543457031,1.5543122344752192e-15,Windows-10-10.0.26100-SP0,3.10.11,2.5.2,spawn,"AMD64 Family 25 Model 80 Stepping 0, AuthenticAMD"
passthrough,psf_rl2_cx,PSF-Zero,100,2,3,success,3.683331399999588,3.708717700001216,0.030350053519621396,127479,27575,0,,PSF-Zero Rust Core executed for 0/0 blocks (0 fell back); block_gate_floor=12; verify=False; entangling_basis=cx.,412.69140625,23.921875,0.49301624298095703,3.774758283725532e-15,Windows-10-10.0.26100-SP0,3.10.11,2.5.2,spawn,"AMD64 Family 25 Model 80 Stepping 0, AuthenticAMD"
passthrough,qiskit_opt1,Qiskit,100,3,3,success,0.9684932000000117,0.9748187000004691,0.009012723927063657,141861,27269,0,,,335.9296875,41.80078125,0.30057430267333984,3.1086244689504383e-15,Windows-10-10.0.26100-SP0,3.10.11,2.5.2,spawn,"AMD64 Family 25 Model 80 Stepping 0, AuthenticAMD"
passthrough,qiskit_opt2,Qiskit,100,3,3,success,3.838593899999978,3.9521136000003025,0.13964320196326233,134670,29494,0,,,445.0859375,11.91796875,0.31870269775390625,3.3306690738754696e-15,Windows-10-10.0.26100-SP0,3.10.11,2.5.2,spawn,"AMD64 Family 25 Model 80 Stepping 0, AuthenticAMD"
passthrough,qiskit_opt3,Qiskit,100,3,3,success,4.461550099998931,4.492707399998835,0.025932280511026248,135753,29552,0,,,479.3828125,20.453125,0.33732032775878906,3.3306690738754696e-15,Windows-10-10.0.26100-SP0,3.10.11,2.5.2,spawn,"AMD64 Family 25 Model 80 Stepping 0, AuthenticAMD"
passthrough,psf_rl1_cx,PSF-Zero,100,3,3,success,0.9944668000007368,1.0184060999999929,0.016013267793261187,141861,27269,0,,PSF-Zero Rust Core executed for 0/0 blocks (0 fell back); block_gate_floor=12; verify=False; entangling_basis=cx.,340.86328125,43.125,0.3836669921875,1.5543122344752192e-15,Windows-10-10.0.26100-SP0,3.10.11,2.5.2,spawn,"AMD64 Family 25 Model 80 Stepping 0, AuthenticAMD"
passthrough,psf_rl2_cx,PSF-Zero,100,3,3,success,3.7692258000006404,3.8357271000004403,0.05409025184141113,134670,29494,0,,PSF-Zero Rust Core executed for 0/0 blocks (0 fell back); block_gate_floor=12; verify=False; entangling_basis=cx.,440.203125,16.9296875,0.4021263122558594,3.774758283725532e-15,Windows-10-10.0.26100-SP0,3.10.11,2.5.2,spawn,"AMD64 Family 25 Model 80 Stepping 0, AuthenticAMD"
passthrough,qiskit_opt1,Qiskit,156,1,3,success,2.0558235999997123,2.0750631999999314,0.030504869863431747,223178,34773,0,,,360.26171875,29.12109375,0.3593120574951172,3.1086244689504383e-15,Windows-10-10.0.26100-SP0,3.10.11,2.5.2,spawn,"AMD64 Family 25 Model 80 Stepping 0, AuthenticAMD"
passthrough,qiskit_opt2,Qiskit,156,1,3,success,8.420986700000867,8.604394100000718,0.2327891740759929,215537,35513,0,,,539.87890625,66.16796875,0.3763771057128906,3.3306690738754696e-15,Windows-10-10.0.26100-SP0,3.10.11,2.5.2,spawn,"AMD64 Family 25 Model 80 Stepping 0, AuthenticAMD"
passthrough,qiskit_opt3,Qiskit,156,1,3,success,9.882243799998832,10.769702499999767,0.6438373421045807,212829,35530,0,,,569.74609375,12.30859375,0.4032268524169922,3.3306690738754696e-15,Windows-10-10.0.26100-SP0,3.10.11,2.5.2,spawn,"AMD64 Family 25 Model 80 Stepping 0, AuthenticAMD"
passthrough,psf_rl1_cx,PSF-Zero,156,1,3,success,2.0259603000013158,2.0477969000003213,0.017918206850632716,223178,34773,0,,PSF-Zero Rust Core executed for 0/0 blocks (0 fell back); block_gate_floor=12; verify=False; entangling_basis=cx.,383.15234375,76.30859375,0.5515365600585938,1.5543122344752192e-15,Windows-10-10.0.26100-SP0,3.10.11,2.5.2,spawn,"AMD64 Family 25 Model 80 Stepping 0, AuthenticAMD"
passthrough,psf_rl2_cx,PSF-Zero,156,1,3,success,8.48547260000123,8.565785900000265,0.048078153426108786,215537,35513,0,,PSF-Zero Rust Core executed for 0/0 blocks (0 fell back); block_gate_floor=12; verify=False; entangling_basis=cx.,548.15625,31.609375,0.5725078582763672,3.774758283725532e-15,Windows-10-10.0.26100-SP0,3.10.11,2.5.2,spawn,"AMD64 Family 25 Model 80 Stepping 0, AuthenticAMD"
passthrough,qiskit_opt1,Qiskit,156,2,3,success,2.3811526999998023,2.389910500000042,0.022957938875163876,268669,43613,0,,,430.62890625,96.38671875,0.3628997802734375,3.1086244689504383e-15,Windows-10-10.0.26100-SP0,3.10.11,2.5.2,spawn,"AMD64 Family 25 Model 80 Stepping 0, AuthenticAMD"
passthrough,qiskit_opt2,Qiskit,156,2,3,success,9.314110100000107,9.342065299999376,0.04321616072658452,257412,44667,0,,,541.55078125,12.890625,0.4024229049682617,3.3306690738754696e-15,Windows-10-10.0.26100-SP0,3.10.11,2.5.2,spawn,"AMD64 Family 25 Model 80 Stepping 0, AuthenticAMD"
passthrough,qiskit_opt3,Qiskit,156,2,3,success,11.41068979999909,11.442317500001081,0.03124090149046633,257441,43940,0,,,614.7890625,69.85546875,0.37560462951660156,3.3306690738754696e-15,Windows-10-10.0.26100-SP0,3.10.11,2.5.2,spawn,"AMD64 Family 25 Model 80 Stepping 0, AuthenticAMD"
passthrough,psf_rl1_cx,PSF-Zero,156,2,3,success,2.518100899998899,2.6358638999990944,0.1231159436583926,268669,43613,0,,PSF-Zero Rust Core executed for 0/0 blocks (0 fell back); block_gate_floor=12; verify=False; entangling_basis=cx.,381.96875,70.64453125,0.5831689834594727,1.5543122344752192e-15,Windows-10-10.0.26100-SP0,3.10.11,2.5.2,spawn,"AMD64 Family 25 Model 80 Stepping 0, AuthenticAMD"
passthrough,psf_rl2_cx,PSF-Zero,156,2,3,success,9.49753520000013,9.507730299999821,0.1229477578365897,257412,44667,0,,PSF-Zero Rust Core executed for 0/0 blocks (0 fell back); block_gate_floor=12; verify=False; entangling_basis=cx.,506.40234375,21.1328125,0.6243305206298828,3.774758283725532e-15,Windows-10-10.0.26100-SP0,3.10.11,2.5.2,spawn,"AMD64 Family 25 Model 80 Stepping 0, AuthenticAMD"
passthrough,qiskit_opt1,Qiskit,156,3,3,success,2.154283800000485,2.1604411999996955,0.008010421098087073,278465,43526,0,,,408.1796875,83.76953125,0.3598337173461914,3.1086244689504383e-15,Windows-10-10.0.26100-SP0,3.10.11,2.5.2,spawn,"AMD64 Family 25 Model 80 Stepping 0, AuthenticAMD"
passthrough,qiskit_opt2,Qiskit,156,3,3,success,9.868727500001114,9.911534899998514,0.027858017763595363,268802,46491,0,,,565.87890625,44.7265625,0.37590980529785156,3.3306690738754696e-15,Windows-10-10.0.26100-SP0,3.10.11,2.5.2,spawn,"AMD64 Family 25 Model 80 Stepping 0, AuthenticAMD"
passthrough,qiskit_opt3,Qiskit,156,3,3,success,11.58691379999982,11.594445099999575,0.018548239093161487,268953,46454,0,,,633.8046875,0.09765625,0.3794717788696289,3.3306690738754696e-15,Windows-10-10.0.26100-SP0,3.10.11,2.5.2,spawn,"AMD64 Family 25 Model 80 Stepping 0, AuthenticAMD"
passthrough,psf_rl1_cx,PSF-Zero,156,3,3,success,2.211761000000479,2.216109699998924,0.005065632124945029,278465,43526,0,,PSF-Zero Rust Core executed for 0/0 blocks (0 fell back); block_gate_floor=12; verify=False; entangling_basis=cx.,363.234375,53.8828125,0.4844398498535156,1.5543122344752192e-15,Windows-10-10.0.26100-SP0,3.10.11,2.5.2,spawn,"AMD64 Family 25 Model 80 Stepping 0, AuthenticAMD"
passthrough,psf_rl2_cx,PSF-Zero,156,3,3,success,9.850609299999633,9.89205149999907,0.02946867533488175,268802,46491,0,,PSF-Zero Rust Core executed for 0/0 blocks (0 fell back); block_gate_floor=12; verify=False; entangling_basis=cx.,529.45703125,49.05859375,0.5035390853881836,3.774758283725532e-15,Windows-10-10.0.26100-SP0,3.10.11,2.5.2,spawn,"AMD64 Family 25 Model 80 Stepping 0, AuthenticAMD"
passthrough,qiskit_opt1,Qiskit,300,1,3,success,7.0174138999991555,7.019333499998538,0.006841422960955896,624556,76863,0,,,460.875,46.671875,0.7182445526123047,3.1086244689504383e-15,Windows-10-10.0.26100-SP0,3.10.11,2.5.2,spawn,"AMD64 Family 25 Model 80 Stepping 0, AuthenticAMD"
passthrough,qiskit_opt2,Qiskit,300,1,3,success,33.85535909999999,33.92505429999983,0.11250652161867672,606875,78381,0,,,771.4296875,12.59765625,0.7770605087280273,3.3306690738754696e-15,Windows-10-10.0.26100-SP0,3.10.11,2.5.2,spawn,"AMD64 Family 25 Model 80 Stepping 0, AuthenticAMD"
passthrough,qiskit_opt3,Qiskit,300,1,3,success,39.252653100000316,39.289075599999705,0.10402692623581877,604115,78608,0,,,989.5546875,317.9375,0.7789163589477539,3.3306690738754696e-15,Windows-10-10.0.26100-SP0,3.10.11,2.5.2,spawn,"AMD64 Family 25 Model 80 Stepping 0, AuthenticAMD"
passthrough,psf_rl1_cx,PSF-Zero,300,1,3,success,7.081081300000733,7.119921699999395,0.061558698784222605,624556,76863,0,,PSF-Zero Rust Core executed for 0/0 blocks (0 fell back); block_gate_floor=12; verify=False; entangling_basis=cx.,560.0703125,157.81640625,1.2843551635742188,1.5543122344752192e-15,Windows-10-10.0.26100-SP0,3.10.11,2.5.2,spawn,"AMD64 Family 25 Model 80 Stepping 0, AuthenticAMD"
passthrough,psf_rl2_cx,PSF-Zero,300,1,3,success,33.96748839999964,34.09257780000007,0.252166570148237,606875,78381,0,,PSF-Zero Rust Core executed for 0/0 blocks (0 fell back); block_gate_floor=12; verify=False; entangling_basis=cx.,755.609375,191.46875,1.3386964797973633,3.774758283725532e-15,Windows-10-10.0.26100-SP0,3.10.11,2.5.2,spawn,"AMD64 Family 25 Model 80 Stepping 0, AuthenticAMD"
passthrough,qiskit_opt1,Qiskit,300,2,3,success,7.980668099999093,8.077352799999062,0.06566394251020222,741029,93904,0,,,599.86328125,107.46875,0.7222604751586914,3.1086244689504383e-15,Windows-10-10.0.26100-SP0,3.10.11,2.5.2,spawn,"AMD64 Family 25 Model 80 Stepping 0, AuthenticAMD"
passthrough,qiskit_opt2,Qiskit,300,2,3,success,36.22126030000072,36.2282510999994,0.10079208343145478,713593,99233,0,,,856.1953125,208.60546875,0.7757797241210938,3.3306690738754696e-15,Windows-10-10.0.26100-SP0,3.10.11,2.5.2,spawn,"AMD64 Family 25 Model 80 Stepping 0, AuthenticAMD"
passthrough,qiskit_opt3,Qiskit,300,2,3,success,42.4664257000004,42.55831820000094,0.16685521467636907,715397,98987,0,,,1017.70703125,34.67578125,0.7793521881103516,3.3306690738754696e-15,Windows-10-10.0.26100-SP0,3.10.11,2.5.2,spawn,"AMD64 Family 25 Model 80 Stepping 0, AuthenticAMD"
passthrough,psf_rl1_cx,PSF-Zero,300,2,3,success,8.012824700001147,8.092923299998802,0.10193428781580148,741029,93904,0,,PSF-Zero Rust Core executed for 0/0 blocks (0 fell back); block_gate_floor=12; verify=False; entangling_basis=cx.,639.12890625,120.2109375,1.1679801940917969,1.5543122344752192e-15,Windows-10-10.0.26100-SP0,3.10.11,2.5.2,spawn,"AMD64 Family 25 Model 80 Stepping 0, AuthenticAMD"
passthrough,psf_rl2_cx,PSF-Zero,300,2,3,success,36.35501099999965,36.40429640000002,0.030034601146508525,713593,99233,0,,PSF-Zero Rust Core executed for 0/0 blocks (0 fell back); block_gate_floor=12; verify=False; entangling_basis=cx.,896.6015625,108.375,1.2222204208374023,3.774758283725532e-15,Windows-10-10.0.26100-SP0,3.10.11,2.5.2,spawn,"AMD64 Family 25 Model 80 Stepping 0, AuthenticAMD"
passthrough,qiskit_opt1,Qiskit,300,3,3,success,8.403147699998954,8.461357399999542,0.035134985279578916,778634,99508,0,,,697.24609375,244.671875,0.7177667617797852,3.1086244689504383e-15,Windows-10-10.0.26100-SP0,3.10.11,2.5.2,spawn,"AMD64 Family 25 Model 80 Stepping 0, AuthenticAMD"
passthrough,qiskit_opt2,Qiskit,300,3,3,success,38.596579299999576,38.70172240000102,0.1628137093665385,754199,103090,0,,,868.25,59.65234375,0.7756071090698242,3.3306690738754696e-15,Windows-10-10.0.26100-SP0,3.10.11,2.5.2,spawn,"AMD64 Family 25 Model 80 Stepping 0, AuthenticAMD"
passthrough,qiskit_opt3,Qiskit,300,3,3,success,45.494536100000914,45.525094399999944,0.1986120741118217,753647,103582,0,,,1086.609375,38.43359375,0.7771844863891602,3.3306690738754696e-15,Windows-10-10.0.26100-SP0,3.10.11,2.5.2,spawn,"AMD64 Family 25 Model 80 Stepping 0, AuthenticAMD"
passthrough,psf_rl1_cx,PSF-Zero,300,3,3,success,8.534058799999912,8.556762099999105,0.035283417819721066,778634,99508,0,,PSF-Zero Rust Core executed for 0/0 blocks (0 fell back); block_gate_floor=12; verify=False; entangling_basis=cx.,700.56640625,226.67578125,1.0231513977050781,1.5543122344752192e-15,Windows-10-10.0.26100-SP0,3.10.11,2.5.2,spawn,"AMD64 Family 25 Model 80 Stepping 0, AuthenticAMD"
passthrough,psf_rl2_cx,PSF-Zero,300,3,3,success,38.59826079999948,38.97724550000021,0.23618323433517482,754199,103090,0,,PSF-Zero Rust Core executed for 0/0 blocks (0 fell back); block_gate_floor=12; verify=False; entangling_basis=cx.,885.640625,123.953125,1.2323980331420898,3.774758283725532e-15,Windows-10-10.0.26100-SP0,3.10.11,2.5.2,spawn,"AMD64 Family 25 Model 80 Stepping 0, AuthenticAMD"
