Round,Spare,Qubits,LayoutSearch,Seed,Arm,Time_s,Status,Error,FidelityCheck,FidelityDetail,Infidelity,TwoQubitGates,CouplingViolations,Depth,QiskitLevel,RoutingOptimizationLevel,Grid,Timestamp
1,0,42,-,0,qiskit_opt3,7.507398200001262,success,,structural_only,,,63,0,16,3,1,6x7,2026-09-16T23:24:42.031249
1,0,42,False,0,psf_zero_ls0,0.02944220000063069,success,,structural_only,,,132,0,45,3,1,6x7,2026-09-16T23:24:49.541739
1,0,42,True,0,psf_zero_ls1,0.2072955000003276,success,,structural_only,,,126,0,22,3,1,6x7,2026-09-16T23:24:49.574043
1,0,42,-,1,qiskit_opt3,6.798204999999143,success,,structural_only,,,63,0,16,3,1,6x7,2026-09-16T23:24:49.898624
1,0,42,False,1,psf_zero_ls0,0.09118599999965227,success,,structural_only,,,132,0,45,3,1,6x7,2026-09-16T23:24:56.699255
1,0,42,True,1,psf_zero_ls1,0.024209899998822948,success,,structural_only,,,126,0,22,3,1,6x7,2026-09-16T23:24:56.793387
1,0,42,-,2,qiskit_opt3,6.700779799999509,success,,structural_only,,,63,0,16,3,1,6x7,2026-09-16T23:24:56.933960
1,0,42,False,2,psf_zero_ls0,0.02882809999937308,success,,structural_only,,,132,0,45,3,1,6x7,2026-09-16T23:25:03.637451
1,0,42,True,2,psf_zero_ls1,0.02330429999892658,success,,structural_only,,,126,0,22,3,1,6x7,2026-09-16T23:25:03.668812
1,2,40,-,0,qiskit_opt3,0.02600970000094094,success,,structural_only,,,60,0,16,3,1,6x7,2026-09-16T23:25:03.801278
1,2,40,False,0,psf_zero_ls0,0.016594100001384504,success,,structural_only,,,120,0,22,3,1,6x7,2026-09-16T23:25:03.830049
1,2,40,True,0,psf_zero_ls1,0.016320300001098076,success,,structural_only,,,120,0,22,3,1,6x7,2026-09-16T23:25:03.849180
1,2,40,-,1,qiskit_opt3,0.02580130000023928,success,,structural_only,,,60,0,16,3,1,6x7,2026-09-16T23:25:03.973176
1,2,40,False,1,psf_zero_ls0,0.015590700000757352,success,,structural_only,,,120,0,22,3,1,6x7,2026-09-16T23:25:04.001297
1,2,40,True,1,psf_zero_ls1,0.01627589999952761,success,,structural_only,,,120,0,22,3,1,6x7,2026-09-16T23:25:04.019527
1,2,40,-,2,qiskit_opt3,0.026281599999492755,success,,structural_only,,,60,0,16,3,1,6x7,2026-09-16T23:25:04.144629
1,2,40,False,2,psf_zero_ls0,0.015628899998773704,success,,structural_only,,,120,0,22,3,1,6x7,2026-09-16T23:25:04.173012
1,2,40,True,2,psf_zero_ls1,0.016177100000277278,success,,structural_only,,,120,0,22,3,1,6x7,2026-09-16T23:25:04.191267
1,4,38,-,0,qiskit_opt3,0.02735439999923983,success,,structural_only,,,57,0,16,3,1,6x7,2026-09-16T23:25:04.310578
1,4,38,False,0,psf_zero_ls0,0.016432099999292404,success,,structural_only,,,114,0,22,3,1,6x7,2026-09-16T23:25:04.339823
1,4,38,True,0,psf_zero_ls1,0.017223599999852013,success,,structural_only,,,114,0,22,3,1,6x7,2026-09-16T23:25:04.359176
1,4,38,-,1,qiskit_opt3,0.027133400000820984,success,,structural_only,,,57,0,16,3,1,6x7,2026-09-16T23:25:04.481355
1,4,38,False,1,psf_zero_ls0,0.016494600000442006,success,,structural_only,,,114,0,22,3,1,6x7,2026-09-16T23:25:04.510033
1,4,38,True,1,psf_zero_ls1,0.017267100000026403,success,,structural_only,,,114,0,22,3,1,6x7,2026-09-16T23:25:04.529647
1,4,38,-,2,qiskit_opt3,0.02783129999988887,success,,structural_only,,,57,0,16,3,1,6x7,2026-09-16T23:25:04.649657
1,4,38,False,2,psf_zero_ls0,0.016538900001251022,success,,structural_only,,,114,0,22,3,1,6x7,2026-09-16T23:25:04.680409
1,4,38,True,2,psf_zero_ls1,0.01711299999988114,success,,structural_only,,,114,0,22,3,1,6x7,2026-09-16T23:25:04.699716
1,8,34,-,0,qiskit_opt3,0.030943400000978727,success,,structural_only,,,51,0,16,3,1,6x7,2026-09-16T23:25:04.808858
1,8,34,False,0,psf_zero_ls0,0.01609889999963343,success,,structural_only,,,102,0,22,3,1,6x7,2026-09-16T23:25:04.842699
1,8,34,True,0,psf_zero_ls1,0.015395899999930407,success,,structural_only,,,102,0,22,3,1,6x7,2026-09-16T23:25:04.861165
1,8,34,-,1,qiskit_opt3,0.03146250000099826,success,,structural_only,,,51,0,16,3,1,6x7,2026-09-16T23:25:04.969794
1,8,34,False,1,psf_zero_ls0,0.01465470000039204,success,,structural_only,,,102,0,22,3,1,6x7,2026-09-16T23:25:05.004056
1,8,34,True,1,psf_zero_ls1,0.015556799999103532,success,,structural_only,,,102,0,22,3,1,6x7,2026-09-16T23:25:05.020167
1,8,34,-,2,qiskit_opt3,0.03138500000022759,success,,structural_only,,,51,0,16,3,1,6x7,2026-09-16T23:25:05.128530
1,8,34,False,2,psf_zero_ls0,0.0149161000008462,success,,structural_only,,,102,0,22,3,1,6x7,2026-09-16T23:25:05.161895
1,8,34,True,2,psf_zero_ls1,0.016621299999314942,success,,structural_only,,,102,0,22,3,1,6x7,2026-09-16T23:25:05.179424
1,16,26,-,0,qiskit_opt3,0.0364609999996901,success,,structural_only,,,39,0,16,3,1,6x7,2026-09-16T23:25:05.268320
1,16,26,False,0,psf_zero_ls0,0.013476299998728791,success,,structural_only,,,78,0,22,3,1,6x7,2026-09-16T23:25:05.306695
1,16,26,True,0,psf_zero_ls1,0.013707499998417916,success,,structural_only,,,78,0,22,3,1,6x7,2026-09-16T23:25:05.321762
1,16,26,-,1,qiskit_opt3,0.03673749999870779,success,,structural_only,,,39,0,16,3,1,6x7,2026-09-16T23:25:05.407479
1,16,26,False,1,psf_zero_ls0,0.01480950000041048,success,,structural_only,,,78,0,22,3,1,6x7,2026-09-16T23:25:05.445771
1,16,26,True,1,psf_zero_ls1,0.013857800000550924,success,,structural_only,,,78,0,22,3,1,6x7,2026-09-16T23:25:05.462649
1,16,26,-,2,qiskit_opt3,0.036392500000147265,success,,structural_only,,,39,0,16,3,1,6x7,2026-09-16T23:25:05.548276
1,16,26,False,2,psf_zero_ls0,0.014493099999526748,success,,structural_only,,,78,0,22,3,1,6x7,2026-09-16T23:25:05.586596
1,16,26,True,2,psf_zero_ls1,0.01398470000094676,success,,structural_only,,,78,0,22,3,1,6x7,2026-09-16T23:25:05.602783
1,24,18,-,0,qiskit_opt3,0.038875300000654534,success,,structural_only,,,27,0,16,3,1,6x7,2026-09-16T23:25:05.666115
1,24,18,False,0,psf_zero_ls0,0.012747100001433864,success,,structural_only,,,54,0,22,3,1,6x7,2026-09-16T23:25:05.706347
1,24,18,True,0,psf_zero_ls1,0.01263699999981327,success,,structural_only,,,54,0,22,3,1,6x7,2026-09-16T23:25:05.721391
1,24,18,-,1,qiskit_opt3,0.03883239999959187,success,,structural_only,,,27,0,16,3,1,6x7,2026-09-16T23:25:05.782674
1,24,18,False,1,psf_zero_ls0,0.012499399999796879,success,,structural_only,,,54,0,22,3,1,6x7,2026-09-16T23:25:05.822814
1,24,18,True,1,psf_zero_ls1,0.012958000001162873,success,,structural_only,,,54,0,22,3,1,6x7,2026-09-16T23:25:05.836871
1,24,18,-,2,qiskit_opt3,0.03856340000129421,success,,structural_only,,,27,0,16,3,1,6x7,2026-09-16T23:25:05.900151
1,24,18,False,2,psf_zero_ls0,0.013058799999271287,success,,structural_only,,,54,0,22,3,1,6x7,2026-09-16T23:25:05.939752
1,24,18,True,2,psf_zero_ls1,0.012967800001206342,success,,structural_only,,,54,0,22,3,1,6x7,2026-09-16T23:25:05.954811
2,0,42,-,0,qiskit_opt3,6.71325909999905,success,,structural_only,,,63,0,16,3,1,6x7,2026-09-16T23:25:06.078763
2,0,42,False,0,psf_zero_ls0,0.02786269999887736,success,,structural_only,,,126,0,22,3,1,6x7,2026-09-16T23:25:12.794823
2,0,42,True,0,psf_zero_ls1,0.023524099999121972,success,,structural_only,,,126,0,22,3,1,6x7,2026-09-16T23:25:12.825335
2,0,42,-,1,qiskit_opt3,6.67052319999857,success,,structural_only,,,63,0,16,3,1,6x7,2026-09-16T23:25:12.974904
2,0,42,False,1,psf_zero_ls0,0.027764399999796296,success,,structural_only,,,126,0,22,3,1,6x7,2026-09-16T23:25:19.647981
2,0,42,True,1,psf_zero_ls1,0.024046300000918563,success,,structural_only,,,126,0,22,3,1,6x7,2026-09-16T23:25:19.678533
2,0,42,-,2,qiskit_opt3,6.68637519999902,success,,structural_only,,,63,0,16,3,1,6x7,2026-09-16T23:25:19.815485
2,0,42,False,2,psf_zero_ls0,0.028661700000156998,success,,structural_only,,,126,0,22,3,1,6x7,2026-09-16T23:25:26.504522
2,0,42,True,2,psf_zero_ls1,0.02369639999960782,success,,structural_only,,,126,0,22,3,1,6x7,2026-09-16T23:25:26.535406
2,2,40,-,0,qiskit_opt3,0.026581000000078348,success,,structural_only,,,60,0,16,3,1,6x7,2026-09-16T23:25:26.668785
2,2,40,False,0,psf_zero_ls0,0.01689089999854332,success,,structural_only,,,120,0,22,3,1,6x7,2026-09-16T23:25:26.697891
2,2,40,True,0,psf_zero_ls1,0.017019200000504497,success,,structural_only,,,120,0,22,3,1,6x7,2026-09-16T23:25:26.717500
2,2,40,-,1,qiskit_opt3,0.02662400000008347,success,,structural_only,,,60,0,16,3,1,6x7,2026-09-16T23:25:26.844696
2,2,40,False,1,psf_zero_ls0,0.015783500000907225,success,,structural_only,,,120,0,22,3,1,6x7,2026-09-16T23:25:26.872991
2,2,40,True,1,psf_zero_ls1,0.01644309999937832,success,,structural_only,,,120,0,22,3,1,6x7,2026-09-16T23:25:26.891525
2,2,40,-,2,qiskit_opt3,0.02583510000113165,success,,structural_only,,,60,0,16,3,1,6x7,2026-09-16T23:25:27.015537
2,2,40,False,2,psf_zero_ls0,0.016615199998341268,success,,structural_only,,,120,0,22,3,1,6x7,2026-09-16T23:25:27.044059
2,2,40,True,2,psf_zero_ls1,0.01725569999871368,success,,structural_only,,,120,0,22,3,1,6x7,2026-09-16T23:25:27.063141
2,4,38,-,0,qiskit_opt3,0.02759899999909976,success,,structural_only,,,57,0,16,3,1,6x7,2026-09-16T23:25:27.183275
2,4,38,False,0,psf_zero_ls0,0.016773699999248493,success,,structural_only,,,114,0,22,3,1,6x7,2026-09-16T23:25:27.213716
2,4,38,True,0,psf_zero_ls1,0.016514299999471405,success,,structural_only,,,114,0,22,3,1,6x7,2026-09-16T23:25:27.233346
2,4,38,-,1,qiskit_opt3,0.02725740000096266,success,,structural_only,,,57,0,16,3,1,6x7,2026-09-16T23:25:27.353481
2,4,38,False,1,psf_zero_ls0,0.01715420000073209,success,,structural_only,,,114,0,22,3,1,6x7,2026-09-16T23:25:27.383103
2,4,38,True,1,psf_zero_ls1,0.016826000000946806,success,,structural_only,,,114,0,22,3,1,6x7,2026-09-16T23:25:27.402412
2,4,38,-,2,qiskit_opt3,0.02809220000017376,success,,structural_only,,,57,0,16,3,1,6x7,2026-09-16T23:25:27.524564
2,4,38,False,2,psf_zero_ls0,0.0170866999997088,success,,structural_only,,,114,0,22,3,1,6x7,2026-09-16T23:25:27.554677
2,4,38,True,2,psf_zero_ls1,0.016979199999695993,success,,structural_only,,,114,0,22,3,1,6x7,2026-09-16T23:25:27.574806
2,8,34,-,0,qiskit_opt3,0.03092809999907331,success,,structural_only,,,51,0,16,3,1,6x7,2026-09-16T23:25:27.685183
2,8,34,False,0,psf_zero_ls0,0.016151899999385932,success,,structural_only,,,102,0,22,3,1,6x7,2026-09-16T23:25:27.718514
2,8,34,True,0,psf_zero_ls1,0.01590359999863722,success,,structural_only,,,102,0,22,3,1,6x7,2026-09-16T23:25:27.736728
2,8,34,-,1,qiskit_opt3,0.030769599999985076,success,,structural_only,,,51,0,16,3,1,6x7,2026-09-16T23:25:27.844896
2,8,34,False,1,psf_zero_ls0,0.015117699998882017,success,,structural_only,,,102,0,22,3,1,6x7,2026-09-16T23:25:27.877154
2,8,34,True,1,psf_zero_ls1,0.015317299999878742,success,,structural_only,,,102,0,22,3,1,6x7,2026-09-16T23:25:27.895350
2,8,34,-,2,qiskit_opt3,0.031171299999186886,success,,structural_only,,,51,0,16,3,1,6x7,2026-09-16T23:25:28.003481
2,8,34,False,2,psf_zero_ls0,0.01607500000136497,success,,structural_only,,,102,0,22,3,1,6x7,2026-09-16T23:25:28.036443
2,8,34,True,2,psf_zero_ls1,0.015282200000001467,success,,structural_only,,,102,0,22,3,1,6x7,2026-09-16T23:25:28.054561
2,16,26,-,0,qiskit_opt3,0.03675600000133272,success,,structural_only,,,39,0,16,3,1,6x7,2026-09-16T23:25:28.140752
2,16,26,False,0,psf_zero_ls0,0.01380310000058671,success,,structural_only,,,78,0,22,3,1,6x7,2026-09-16T23:25:28.179245
2,16,26,True,0,psf_zero_ls1,0.014406299998881877,success,,structural_only,,,78,0,22,3,1,6x7,2026-09-16T23:25:28.195532
2,16,26,-,1,qiskit_opt3,0.03652149999834364,success,,structural_only,,,39,0,16,3,1,6x7,2026-09-16T23:25:28.280305
2,16,26,False,1,psf_zero_ls0,0.013359700000364683,success,,structural_only,,,78,0,22,3,1,6x7,2026-09-16T23:25:28.318477
2,16,26,True,1,psf_zero_ls1,0.014031099999556318,success,,structural_only,,,78,0,22,3,1,6x7,2026-09-16T23:25:28.334497
2,16,26,-,2,qiskit_opt3,0.03628460000072664,success,,structural_only,,,39,0,16,3,1,6x7,2026-09-16T23:25:28.419877
2,16,26,False,2,psf_zero_ls0,0.014615599999160622,success,,structural_only,,,78,0,22,3,1,6x7,2026-09-16T23:25:28.457260
2,16,26,True,2,psf_zero_ls1,0.014174699999784934,success,,structural_only,,,78,0,22,3,1,6x7,2026-09-16T23:25:28.474383
2,24,18,-,0,qiskit_opt3,0.03930419999960577,success,,structural_only,,,27,0,16,3,1,6x7,2026-09-16T23:25:28.540029
2,24,18,False,0,psf_zero_ls0,0.013635799999974552,success,,structural_only,,,54,0,22,3,1,6x7,2026-09-16T23:25:28.580700
2,24,18,True,0,psf_zero_ls1,0.013178699999116361,success,,structural_only,,,54,0,22,3,1,6x7,2026-09-16T23:25:28.596564
2,24,18,-,1,qiskit_opt3,0.03939699999864388,success,,structural_only,,,27,0,16,3,1,6x7,2026-09-16T23:25:28.660277
2,24,18,False,1,psf_zero_ls0,0.013464699999531149,success,,structural_only,,,54,0,22,3,1,6x7,2026-09-16T23:25:28.702450
2,24,18,True,1,psf_zero_ls1,0.0139603999996325,success,,structural_only,,,54,0,22,3,1,6x7,2026-09-16T23:25:28.716779
2,24,18,-,2,qiskit_opt3,0.04157179999856453,success,,structural_only,,,27,0,16,3,1,6x7,2026-09-16T23:25:28.784841
2,24,18,False,2,psf_zero_ls0,0.014349600000059581,success,,structural_only,,,54,0,22,3,1,6x7,2026-09-16T23:25:28.827706
2,24,18,True,2,psf_zero_ls1,0.0129927999987558,success,,structural_only,,,54,0,22,3,1,6x7,2026-09-16T23:25:28.843188
3,0,42,-,0,qiskit_opt3,6.732993099998566,success,,structural_only,,,63,0,16,3,1,6x7,2026-09-16T23:25:28.970573
3,0,42,False,0,psf_zero_ls0,0.029296400000021094,success,,structural_only,,,132,0,45,3,1,6x7,2026-09-16T23:25:35.707037
3,0,42,True,0,psf_zero_ls1,0.02442719999999099,success,,structural_only,,,126,0,22,3,1,6x7,2026-09-16T23:25:35.739282
3,0,42,-,1,qiskit_opt3,6.700047999998787,success,,structural_only,,,63,0,16,3,1,6x7,2026-09-16T23:25:35.890226
3,0,42,False,1,psf_zero_ls0,0.028604400000403984,success,,structural_only,,,126,0,22,3,1,6x7,2026-09-16T23:25:42.595252
3,0,42,True,1,psf_zero_ls1,0.023201899999548914,success,,structural_only,,,126,0,22,3,1,6x7,2026-09-16T23:25:42.626920
3,0,42,-,2,qiskit_opt3,6.712826900000437,success,,structural_only,,,63,0,16,3,1,6x7,2026-09-16T23:25:42.765646
3,0,42,False,2,psf_zero_ls0,0.027713699999367236,success,,structural_only,,,126,0,22,3,1,6x7,2026-09-16T23:25:49.481257
3,0,42,True,2,psf_zero_ls1,0.02330719999918074,success,,structural_only,,,126,0,22,3,1,6x7,2026-09-16T23:25:49.511450
3,2,40,-,0,qiskit_opt3,0.026487299999644165,success,,structural_only,,,60,0,16,3,1,6x7,2026-09-16T23:25:49.645741
3,2,40,False,0,psf_zero_ls0,0.015961900000547757,success,,structural_only,,,120,0,22,3,1,6x7,2026-09-16T23:25:49.674096
3,2,40,True,0,psf_zero_ls1,0.016835899999932735,success,,structural_only,,,120,0,22,3,1,6x7,2026-09-16T23:25:49.693130
3,2,40,-,1,qiskit_opt3,0.026031800000055227,success,,structural_only,,,60,0,16,3,1,6x7,2026-09-16T23:25:49.819181
3,2,40,False,1,psf_zero_ls0,0.016777499999079737,success,,structural_only,,,120,0,22,3,1,6x7,2026-09-16T23:25:49.848031
3,2,40,True,1,psf_zero_ls1,0.01741039999978966,success,,structural_only,,,120,0,22,3,1,6x7,2026-09-16T23:25:49.867291
3,2,40,-,2,qiskit_opt3,0.025804699998843716,success,,structural_only,,,60,0,16,3,1,6x7,2026-09-16T23:25:49.992497
3,2,40,False,2,psf_zero_ls0,0.015868899999986752,success,,structural_only,,,120,0,22,3,1,6x7,2026-09-16T23:25:50.020842
3,2,40,True,2,psf_zero_ls1,0.01636759999928472,success,,structural_only,,,120,0,22,3,1,6x7,2026-09-16T23:25:50.039226
3,4,38,-,0,qiskit_opt3,0.0274003000013181,success,,structural_only,,,57,0,16,3,1,6x7,2026-09-16T23:25:50.158277
3,4,38,False,0,psf_zero_ls0,0.01709590000064054,success,,structural_only,,,114,0,22,3,1,6x7,2026-09-16T23:25:50.187853
3,4,38,True,0,psf_zero_ls1,0.016596699999354314,success,,structural_only,,,114,0,22,3,1,6x7,2026-09-16T23:25:50.207286
3,4,38,-,1,qiskit_opt3,0.02754120000099647,success,,structural_only,,,57,0,16,3,1,6x7,2026-09-16T23:25:50.328371
3,4,38,False,1,psf_zero_ls0,0.015609199999744305,success,,structural_only,,,114,0,22,3,1,6x7,2026-09-16T23:25:50.357629
3,4,38,True,1,psf_zero_ls1,0.01621789999990142,success,,structural_only,,,114,0,22,3,1,6x7,2026-09-16T23:25:50.376222
3,4,38,-,2,qiskit_opt3,0.028672099999312195,success,,structural_only,,,57,0,16,3,1,6x7,2026-09-16T23:25:50.495922
3,4,38,False,2,psf_zero_ls0,0.016288999999233056,success,,structural_only,,,114,0,22,3,1,6x7,2026-09-16T23:25:50.526098
3,4,38,True,2,psf_zero_ls1,0.017004900000756606,success,,structural_only,,,114,0,22,3,1,6x7,2026-09-16T23:25:50.545380
3,8,34,-,0,qiskit_opt3,0.03128409999953874,success,,structural_only,,,51,0,16,3,1,6x7,2026-09-16T23:25:50.656198
3,8,34,False,0,psf_zero_ls0,0.014931499999875086,success,,structural_only,,,102,0,22,3,1,6x7,2026-09-16T23:25:50.689491
3,8,34,True,0,psf_zero_ls1,0.016116900000270107,success,,structural_only,,,102,0,22,3,1,6x7,2026-09-16T23:25:50.706605
3,8,34,-,1,qiskit_opt3,0.030702699999892502,success,,structural_only,,,51,0,16,3,1,6x7,2026-09-16T23:25:50.816822
3,8,34,False,1,psf_zero_ls0,0.0155332999984239,success,,structural_only,,,102,0,22,3,1,6x7,2026-09-16T23:25:50.848995
3,8,34,True,1,psf_zero_ls1,0.016630100000838866,success,,structural_only,,,102,0,22,3,1,6x7,2026-09-16T23:25:50.867334
3,8,34,-,2,qiskit_opt3,0.03102299999954994,success,,structural_only,,,51,0,16,3,1,6x7,2026-09-16T23:25:50.976429
3,8,34,False,2,psf_zero_ls0,0.015969500000210246,success,,structural_only,,,102,0,22,3,1,6x7,2026-09-16T23:25:51.009669
3,8,34,True,2,psf_zero_ls1,0.015596900000673486,success,,structural_only,,,102,0,22,3,1,6x7,2026-09-16T23:25:51.028173
3,16,26,-,0,qiskit_opt3,0.036583900000550784,success,,structural_only,,,39,0,16,3,1,6x7,2026-09-16T23:25:51.114826
3,16,26,False,0,psf_zero_ls0,0.014093899999352288,success,,structural_only,,,78,0,22,3,1,6x7,2026-09-16T23:25:51.153286
3,16,26,True,0,psf_zero_ls1,0.014528499999869382,success,,structural_only,,,78,0,22,3,1,6x7,2026-09-16T23:25:51.169381
3,16,26,-,1,qiskit_opt3,0.0366068000002997,success,,structural_only,,,39,0,16,3,1,6x7,2026-09-16T23:25:51.255245
3,16,26,False,1,psf_zero_ls0,0.014422999998714658,success,,structural_only,,,78,0,22,3,1,6x7,2026-09-16T23:25:51.293436
3,16,26,True,1,psf_zero_ls1,0.01471769999989192,success,,structural_only,,,78,0,22,3,1,6x7,2026-09-16T23:25:51.309814
3,16,26,-,2,qiskit_opt3,0.03661660000034317,success,,structural_only,,,39,0,16,3,1,6x7,2026-09-16T23:25:51.395644
3,16,26,False,2,psf_zero_ls0,0.014734000000316883,success,,structural_only,,,78,0,22,3,1,6x7,2026-09-16T23:25:51.433822
3,16,26,True,2,psf_zero_ls1,0.015032400000563939,success,,structural_only,,,78,0,22,3,1,6x7,2026-09-16T23:25:51.450297
3,24,18,-,0,qiskit_opt3,0.04476750000139873,success,,structural_only,,,27,0,16,3,1,6x7,2026-09-16T23:25:51.516824
3,24,18,False,0,psf_zero_ls0,0.01386139999885927,success,,structural_only,,,54,0,22,3,1,6x7,2026-09-16T23:25:51.563517
3,24,18,True,0,psf_zero_ls1,0.012958200000866782,success,,structural_only,,,54,0,22,3,1,6x7,2026-09-16T23:25:51.578858
3,24,18,-,1,qiskit_opt3,0.03906079999978829,success,,structural_only,,,27,0,16,3,1,6x7,2026-09-16T23:25:51.642364
3,24,18,False,1,psf_zero_ls0,0.013321199998244992,success,,structural_only,,,54,0,22,3,1,6x7,2026-09-16T23:25:51.682313
3,24,18,True,1,psf_zero_ls1,0.01338459999897168,success,,structural_only,,,54,0,22,3,1,6x7,2026-09-16T23:25:51.697383
3,24,18,-,2,qiskit_opt3,0.03972040000007837,success,,structural_only,,,27,0,16,3,1,6x7,2026-09-16T23:25:51.760093
3,24,18,False,2,psf_zero_ls0,0.012519100000645267,success,,structural_only,,,54,0,22,3,1,6x7,2026-09-16T23:25:51.801570
3,24,18,True,2,psf_zero_ls1,0.012422899999364745,success,,structural_only,,,54,0,22,3,1,6x7,2026-09-16T23:25:51.815786
4,0,42,-,0,qiskit_opt3,6.715956100000767,success,,structural_only,,,63,0,16,3,1,6x7,2026-09-16T23:25:51.941609
4,0,42,False,0,psf_zero_ls0,0.02982479999991483,success,,structural_only,,,132,0,45,3,1,6x7,2026-09-16T23:25:58.660075
4,0,42,True,0,psf_zero_ls1,0.024415899999439716,success,,structural_only,,,126,0,22,3,1,6x7,2026-09-16T23:25:58.692689
4,0,42,-,1,qiskit_opt3,6.72526629999993,success,,structural_only,,,63,0,16,3,1,6x7,2026-09-16T23:25:58.833041
4,0,42,False,1,psf_zero_ls0,0.02865170000040962,success,,structural_only,,,132,0,45,3,1,6x7,2026-09-16T23:26:05.560914
4,0,42,True,1,psf_zero_ls1,0.024283200000354555,success,,structural_only,,,126,0,22,3,1,6x7,2026-09-16T23:26:05.592090
4,0,42,-,2,qiskit_opt3,6.723249900000155,success,,structural_only,,,63,0,16,3,1,6x7,2026-09-16T23:26:05.730947
4,0,42,False,2,psf_zero_ls0,0.10365810000075726,success,,structural_only,,,126,0,22,3,1,6x7,2026-09-16T23:26:12.456884
4,0,42,True,2,psf_zero_ls1,0.024676799999724608,success,,structural_only,,,126,0,22,3,1,6x7,2026-09-16T23:26:12.563138
4,2,40,-,0,qiskit_opt3,0.02714410000044154,success,,structural_only,,,60,0,16,3,1,6x7,2026-09-16T23:26:12.697530
4,2,40,False,0,psf_zero_ls0,0.017531900000903988,success,,structural_only,,,120,0,22,3,1,6x7,2026-09-16T23:26:12.727817
4,2,40,True,0,psf_zero_ls1,0.017788499999369378,success,,structural_only,,,120,0,22,3,1,6x7,2026-09-16T23:26:12.747927
4,2,40,-,1,qiskit_opt3,0.026936700000078417,success,,structural_only,,,60,0,16,3,1,6x7,2026-09-16T23:26:12.872828
4,2,40,False,1,psf_zero_ls0,0.01804979999906209,success,,structural_only,,,120,0,22,3,1,6x7,2026-09-16T23:26:12.902181
4,2,40,True,1,psf_zero_ls1,0.017667599999185768,success,,structural_only,,,120,0,22,3,1,6x7,2026-09-16T23:26:12.923823
4,2,40,-,2,qiskit_opt3,0.026317500000004657,success,,structural_only,,,60,0,16,3,1,6x7,2026-09-16T23:26:13.050900
4,2,40,False,2,psf_zero_ls0,0.01613540000107605,success,,structural_only,,,120,0,22,3,1,6x7,2026-09-16T23:26:13.079042
4,2,40,True,2,psf_zero_ls1,0.016523500000403146,success,,structural_only,,,120,0,22,3,1,6x7,2026-09-16T23:26:13.098296
4,4,38,-,0,qiskit_opt3,0.027215699999942444,success,,structural_only,,,57,0,16,3,1,6x7,2026-09-16T23:26:13.218957
4,4,38,False,0,psf_zero_ls0,0.01729679999880318,success,,structural_only,,,114,0,22,3,1,6x7,2026-09-16T23:26:13.249286
4,4,38,True,0,psf_zero_ls1,0.01601929999924323,success,,structural_only,,,114,0,22,3,1,6x7,2026-09-16T23:26:13.269554
4,4,38,-,1,qiskit_opt3,0.027218299999731244,success,,structural_only,,,57,0,16,3,1,6x7,2026-09-16T23:26:13.387298
4,4,38,False,1,psf_zero_ls0,0.01673589999882097,success,,structural_only,,,114,0,22,3,1,6x7,2026-09-16T23:26:13.416492
4,4,38,True,1,psf_zero_ls1,0.01880630000050587,success,,structural_only,,,114,0,22,3,1,6x7,2026-09-16T23:26:13.435803
4,4,38,-,2,qiskit_opt3,0.028228999999555526,success,,structural_only,,,57,0,16,3,1,6x7,2026-09-16T23:26:13.563999
4,4,38,False,2,psf_zero_ls0,0.01689749999968626,success,,structural_only,,,114,0,22,3,1,6x7,2026-09-16T23:26:13.594478
4,4,38,True,2,psf_zero_ls1,0.017104599999584025,success,,structural_only,,,114,0,22,3,1,6x7,2026-09-16T23:26:13.613586
4,8,34,-,0,qiskit_opt3,0.03187889999935578,success,,structural_only,,,51,0,16,3,1,6x7,2026-09-16T23:26:13.727337
4,8,34,False,0,psf_zero_ls0,0.016512399999555782,success,,structural_only,,,102,0,22,3,1,6x7,2026-09-16T23:26:13.761688
4,8,34,True,0,psf_zero_ls1,0.01630499999919266,success,,structural_only,,,102,0,22,3,1,6x7,2026-09-16T23:26:13.780017
4,8,34,-,1,qiskit_opt3,0.03135380000094301,success,,structural_only,,,51,0,16,3,1,6x7,2026-09-16T23:26:13.891281
4,8,34,False,1,psf_zero_ls0,0.016153399999893736,success,,structural_only,,,102,0,22,3,1,6x7,2026-09-16T23:26:13.924659
4,8,34,True,1,psf_zero_ls1,0.015210099998512305,success,,structural_only,,,102,0,22,3,1,6x7,2026-09-16T23:26:13.942866
4,8,34,-,2,qiskit_opt3,0.030914200000552228,success,,structural_only,,,51,0,16,3,1,6x7,2026-09-16T23:26:14.050769
4,8,34,False,2,psf_zero_ls0,0.016131299998960458,success,,structural_only,,,102,0,22,3,1,6x7,2026-09-16T23:26:14.083994
4,8,34,True,2,psf_zero_ls1,0.016247699999439646,success,,structural_only,,,102,0,22,3,1,6x7,2026-09-16T23:26:14.102173
4,16,26,-,0,qiskit_opt3,0.03665119999823219,success,,structural_only,,,39,0,16,3,1,6x7,2026-09-16T23:26:14.191558
4,16,26,False,0,psf_zero_ls0,0.013710699999137432,success,,structural_only,,,78,0,22,3,1,6x7,2026-09-16T23:26:14.229752
4,16,26,True,0,psf_zero_ls1,0.014885399999911897,success,,structural_only,,,78,0,22,3,1,6x7,2026-09-16T23:26:14.245935
4,16,26,-,1,qiskit_opt3,0.03736940000089817,success,,structural_only,,,39,0,16,3,1,6x7,2026-09-16T23:26:14.332355
4,16,26,False,1,psf_zero_ls0,0.014337100001284853,success,,structural_only,,,78,0,22,3,1,6x7,2026-09-16T23:26:14.370759
4,16,26,True,1,psf_zero_ls1,0.014770600000701961,success,,structural_only,,,78,0,22,3,1,6x7,2026-09-16T23:26:14.387428
4,16,26,-,2,qiskit_opt3,0.03767069999958039,success,,structural_only,,,39,0,16,3,1,6x7,2026-09-16T23:26:14.473883
4,16,26,False,2,psf_zero_ls0,0.014514000000417582,success,,structural_only,,,78,0,22,3,1,6x7,2026-09-16T23:26:14.513522
4,16,26,True,2,psf_zero_ls1,0.014835300000413554,success,,structural_only,,,78,0,22,3,1,6x7,2026-09-16T23:26:14.529624
4,24,18,-,0,qiskit_opt3,0.04506829999991169,success,,structural_only,,,27,0,16,3,1,6x7,2026-09-16T23:26:14.594186
4,24,18,False,0,psf_zero_ls0,0.013576199999079108,success,,structural_only,,,54,0,22,3,1,6x7,2026-09-16T23:26:14.640818
4,24,18,True,0,psf_zero_ls1,0.013230500000645407,success,,structural_only,,,54,0,22,3,1,6x7,2026-09-16T23:26:14.656035
4,24,18,-,1,qiskit_opt3,0.03847229999882984,success,,structural_only,,,27,0,16,3,1,6x7,2026-09-16T23:26:14.719822
4,24,18,False,1,psf_zero_ls0,0.013213899999755085,success,,structural_only,,,54,0,22,3,1,6x7,2026-09-16T23:26:14.759904
4,24,18,True,1,psf_zero_ls1,0.012553999998999643,success,,structural_only,,,54,0,22,3,1,6x7,2026-09-16T23:26:14.774977
4,24,18,-,2,qiskit_opt3,0.039927300000272226,success,,structural_only,,,27,0,16,3,1,6x7,2026-09-16T23:26:14.837222
4,24,18,False,2,psf_zero_ls0,0.013350999999602209,success,,structural_only,,,54,0,22,3,1,6x7,2026-09-16T23:26:14.878362
4,24,18,True,2,psf_zero_ls1,0.013153799998690374,success,,structural_only,,,54,0,22,3,1,6x7,2026-09-16T23:26:14.893656
5,0,42,-,0,qiskit_opt3,6.6927121999997325,success,,structural_only,,,63,0,16,3,1,6x7,2026-09-16T23:26:15.020734
5,0,42,False,0,psf_zero_ls0,0.028273399999307003,success,,structural_only,,,132,0,45,3,1,6x7,2026-09-16T23:26:21.716527
5,0,42,True,0,psf_zero_ls1,0.023625599998922553,success,,structural_only,,,126,0,22,3,1,6x7,2026-09-16T23:26:21.747485
5,0,42,-,1,qiskit_opt3,6.965845500000796,success,,structural_only,,,63,0,16,3,1,6x7,2026-09-16T23:26:21.884717
5,0,42,False,1,psf_zero_ls0,0.028314600000157952,success,,structural_only,,,132,0,45,3,1,6x7,2026-09-16T23:26:28.853267
5,0,42,True,1,psf_zero_ls1,0.02344910000101663,success,,structural_only,,,126,0,22,3,1,6x7,2026-09-16T23:26:28.884743
5,0,42,-,2,qiskit_opt3,6.787401900000987,success,,structural_only,,,63,0,16,3,1,6x7,2026-09-16T23:26:29.021560
5,0,42,False,2,psf_zero_ls0,0.02929000000040105,success,,structural_only,,,126,0,22,3,1,6x7,2026-09-16T23:26:35.811363
5,0,42,True,2,psf_zero_ls1,0.024411200000031386,success,,structural_only,,,126,0,22,3,1,6x7,2026-09-16T23:26:35.843725
5,2,40,-,0,qiskit_opt3,0.026833300000362215,success,,structural_only,,,60,0,16,3,1,6x7,2026-09-16T23:26:35.979454
5,2,40,False,0,psf_zero_ls0,0.017026600000463077,success,,structural_only,,,120,0,22,3,1,6x7,2026-09-16T23:26:36.008751
5,2,40,True,0,psf_zero_ls1,0.01712969999971392,success,,structural_only,,,120,0,22,3,1,6x7,2026-09-16T23:26:36.028914
5,2,40,-,1,qiskit_opt3,0.044004599998515914,success,,structural_only,,,60,0,16,3,1,6x7,2026-09-16T23:26:36.182244
5,2,40,False,1,psf_zero_ls0,0.016752900000938098,success,,structural_only,,,120,0,22,3,1,6x7,2026-09-16T23:26:36.228472
5,2,40,True,1,psf_zero_ls1,0.025771200000235694,success,,structural_only,,,120,0,22,3,1,6x7,2026-09-16T23:26:36.250048
5,2,40,-,2,qiskit_opt3,0.027720899999621906,success,,structural_only,,,60,0,16,3,1,6x7,2026-09-16T23:26:36.395047
5,2,40,False,2,psf_zero_ls0,0.017317600000751554,success,,structural_only,,,120,0,22,3,1,6x7,2026-09-16T23:26:36.425727
5,2,40,True,2,psf_zero_ls1,0.017242400001123315,success,,structural_only,,,120,0,22,3,1,6x7,2026-09-16T23:26:36.444987
5,4,38,-,0,qiskit_opt3,0.028169299999717623,success,,structural_only,,,57,0,16,3,1,6x7,2026-09-16T23:26:36.566553
5,4,38,False,0,psf_zero_ls0,0.016751799999838113,success,,structural_only,,,114,0,22,3,1,6x7,2026-09-16T23:26:36.596815
5,4,38,True,0,psf_zero_ls1,0.016343199999028002,success,,structural_only,,,114,0,22,3,1,6x7,2026-09-16T23:26:36.616898
5,4,38,-,1,qiskit_opt3,0.02778779999971448,success,,structural_only,,,57,0,16,3,1,6x7,2026-09-16T23:26:36.736497
5,4,38,False,1,psf_zero_ls0,0.01709370000025956,success,,structural_only,,,114,0,22,3,1,6x7,2026-09-16T23:26:36.766815
5,4,38,True,1,psf_zero_ls1,0.016504799999893294,success,,structural_only,,,114,0,22,3,1,6x7,2026-09-16T23:26:36.785899
5,4,38,-,2,qiskit_opt3,0.02866129999893019,success,,structural_only,,,57,0,16,3,1,6x7,2026-09-16T23:26:36.915507
5,4,38,False,2,psf_zero_ls0,0.01661450000028708,success,,structural_only,,,114,0,22,3,1,6x7,2026-09-16T23:26:36.946899
5,4,38,True,2,psf_zero_ls1,0.01688579999972717,success,,structural_only,,,114,0,22,3,1,6x7,2026-09-16T23:26:36.965966
5,8,34,-,0,qiskit_opt3,0.031365099999675294,success,,structural_only,,,51,0,16,3,1,6x7,2026-09-16T23:26:37.075698
5,8,34,False,0,psf_zero_ls0,0.016054199999416596,success,,structural_only,,,102,0,22,3,1,6x7,2026-09-16T23:26:37.108844
5,8,34,True,0,psf_zero_ls1,0.01649109999925713,success,,structural_only,,,102,0,22,3,1,6x7,2026-09-16T23:26:37.128034
5,8,34,-,1,qiskit_opt3,0.03097219999835943,success,,structural_only,,,51,0,16,3,1,6x7,2026-09-16T23:26:37.235476
5,8,34,False,1,psf_zero_ls0,0.015301199999157689,success,,structural_only,,,102,0,22,3,1,6x7,2026-09-16T23:26:37.269624
5,8,34,True,1,psf_zero_ls1,0.01560330000029353,success,,structural_only,,,102,0,22,3,1,6x7,2026-09-16T23:26:37.286916
5,8,34,-,2,qiskit_opt3,0.031457099999897764,success,,structural_only,,,51,0,16,3,1,6x7,2026-09-16T23:26:37.393738
5,8,34,False,2,psf_zero_ls0,0.016381499999624793,success,,structural_only,,,102,0,22,3,1,6x7,2026-09-16T23:26:37.427936
5,8,34,True,2,psf_zero_ls1,0.016470599999593105,success,,structural_only,,,102,0,22,3,1,6x7,2026-09-16T23:26:37.447037
5,16,26,-,0,qiskit_opt3,0.03728199999932258,success,,structural_only,,,39,0,16,3,1,6x7,2026-09-16T23:26:37.535674
5,16,26,False,0,psf_zero_ls0,0.014233500000045751,success,,structural_only,,,78,0,22,3,1,6x7,2026-09-16T23:26:37.574820
5,16,26,True,0,psf_zero_ls1,0.015338999999585212,success,,structural_only,,,78,0,22,3,1,6x7,2026-09-16T23:26:37.590886
5,16,26,-,1,qiskit_opt3,0.03648380000049656,success,,structural_only,,,39,0,16,3,1,6x7,2026-09-16T23:26:37.678497
5,16,26,False,1,psf_zero_ls0,0.014152899999317015,success,,structural_only,,,78,0,22,3,1,6x7,2026-09-16T23:26:37.716674
5,16,26,True,1,psf_zero_ls1,0.014519099999233731,success,,structural_only,,,78,0,22,3,1,6x7,2026-09-16T23:26:37.732907
5,16,26,-,2,qiskit_opt3,0.037614400000165915,success,,structural_only,,,39,0,16,3,1,6x7,2026-09-16T23:26:37.818230
5,16,26,False,2,psf_zero_ls0,0.015111499998965883,success,,structural_only,,,78,0,22,3,1,6x7,2026-09-16T23:26:37.857385
5,16,26,True,2,psf_zero_ls1,0.015717599999334197,success,,structural_only,,,78,0,22,3,1,6x7,2026-09-16T23:26:37.875655
5,24,18,-,0,qiskit_opt3,0.04147879999982251,success,,structural_only,,,27,0,16,3,1,6x7,2026-09-16T23:26:37.943411
5,24,18,False,0,psf_zero_ls0,0.01289360000009765,success,,structural_only,,,54,0,22,3,1,6x7,2026-09-16T23:26:37.986718
5,24,18,True,0,psf_zero_ls1,0.013244699999631848,success,,structural_only,,,54,0,22,3,1,6x7,2026-09-16T23:26:38.000774
5,24,18,-,1,qiskit_opt3,0.03952179999942018,success,,structural_only,,,27,0,16,3,1,6x7,2026-09-16T23:26:38.065814
5,24,18,False,1,psf_zero_ls0,0.013155099999494269,success,,structural_only,,,54,0,22,3,1,6x7,2026-09-16T23:26:38.107481
5,24,18,True,1,psf_zero_ls1,0.01327829999900132,success,,structural_only,,,54,0,22,3,1,6x7,2026-09-16T23:26:38.121516
5,24,18,-,2,qiskit_opt3,0.038651499999105,success,,structural_only,,,27,0,16,3,1,6x7,2026-09-16T23:26:38.189561
5,24,18,False,2,psf_zero_ls0,0.013492599999153754,success,,structural_only,,,54,0,22,3,1,6x7,2026-09-16T23:26:38.229230
5,24,18,True,2,psf_zero_ls1,0.01367740000023332,success,,structural_only,,,54,0,22,3,1,6x7,2026-09-16T23:26:38.244273
