family,n_interaction_edges,max_interaction_degree,spare,n,occupancy,n_pairs,seed,optimization_level,repeat,elapsed_since_start_s,max_matching_size,n_pairs_required,embedding_feasible,perfect_matching_exists,matching_slack,time_ms,layout_ms,routing_ms,accounted_ms,layout_frac,vf2layout_ms,sabrelayout_ms,vf2postlayout_ms,sabreswap_ms,slowest_pass,slowest_pass_ms,n_passes,vf2_stop_reason,vf2post_stop_reason,vf2postlayout_ran,vf2layout_ran,two_qubit_gates,depth,error,cpu,platform,python_version,qiskit_version,grid_rows,grid_cols,grid_size,gates_per_pair,seed_transpiler
dense_pairs,21,1,0,42,1.0,21,0,3,0,8.80246399999669,21,21,True,True,0,19423.96860000008,19390.650510787964,0.0,19400.97188949585,0.9982846919752477,9716.421842575073,1.9714832305908203,9672.2571849823,0.0,VF2Layout,9716.421842575073,25,nonexistent solution,no better solution found,True,True,63,16,,"Intel64 Family 6 Model 181 Stepping 0, GenuineIntel",Windows-10-10.0.26100-SP0,3.11.9,2.5.2,6,7,42,20,42
dense_pairs,21,1,0,42,1.0,21,0,3,1,28.232335699998657,21,21,True,True,0,20238.154300001042,20221.414804458618,0.0,20226.43280029297,0.9991728743988071,10340.97409248352,1.1715888977050781,9879.269123077393,0.0,VF2Layout,10340.97409248352,25,nonexistent solution,no better solution found,True,True,63,16,,"Intel64 Family 6 Model 181 Stepping 0, GenuineIntel",Windows-10-10.0.26100-SP0,3.11.9,2.5.2,6,7,42,20,42
dense_pairs,21,1,0,42,1.0,21,1,3,0,55.32776289999674,21,21,True,True,0,6688.4054000001925,6667.214632034302,0.0,6690.124034881592,0.9968317159773404,3367.3508167266846,5.914211273193359,3293.949604034424,0.0,VF2Layout,3367.3508167266846,25,nonexistent solution,no better solution found,True,True,63,16,,"Intel64 Family 6 Model 181 Stepping 0, GenuineIntel",Windows-10-10.0.26100-SP0,3.11.9,2.5.2,6,7,42,20,42
dense_pairs,21,1,0,42,1.0,21,1,3,1,62.018039699996734,21,21,True,True,0,6666.024199999811,6650.471925735474,0.0,6666.46933555603,0.9976669340227812,3350.374221801758,0.0,3300.097703933716,0.0,VF2Layout,3350.374221801758,25,nonexistent solution,no better solution found,True,True,63,16,,"Intel64 Family 6 Model 181 Stepping 0, GenuineIntel",Windows-10-10.0.26100-SP0,3.11.9,2.5.2,6,7,42,20,42
dense_pairs,21,1,0,42,1.0,21,2,3,0,75.49463139999716,21,21,True,True,0,6676.086999999825,6663.854360580444,0.0,6667.718887329102,0.9981676932281768,3302.366256713867,0.0,3361.488103866577,0.0,VF2PostLayout,3361.488103866577,25,nonexistent solution,no better solution found,True,True,63,16,,"Intel64 Family 6 Model 181 Stepping 0, GenuineIntel",Windows-10-10.0.26100-SP0,3.11.9,2.5.2,6,7,42,20,42
dense_pairs,21,1,0,42,1.0,21,2,3,1,82.17218779999894,21,21,True,True,0,6663.983800001006,6663.756370544434,0.0,6666.6259765625,0.9999658718473217,3348.1106758117676,1.739501953125,3313.906192779541,0.0,VF2Layout,3348.1106758117676,25,nonexistent solution,no better solution found,True,True,63,16,,"Intel64 Family 6 Model 181 Stepping 0, GenuineIntel",Windows-10-10.0.26100-SP0,3.11.9,2.5.2,6,7,42,20,42
linear_chain,41,2,0,42,1.0,21,0,3,0,89.00180129999717,21,21,True,True,0,35.75669999918318,20.993471145629883,0.0,25.488853454589844,0.5871199284640208,20.993471145629883,0.0,0.0,0.0,VF2Layout,20.993471145629883,26,solution found,no better solution found,True,True,123,456,,"Intel64 Family 6 Model 181 Stepping 0, GenuineIntel",Windows-10-10.0.26100-SP0,3.11.9,2.5.2,6,7,42,20,42
linear_chain,41,2,0,42,1.0,21,0,3,1,89.0398475999973,21,21,True,True,0,31.718999998702202,18.86296272277832,0.0,26.02672576904297,0.5946897040748481,18.86296272277832,0.0,0.0,0.0,VF2Layout,18.86296272277832,26,solution found,no better solution found,True,True,123,456,,"Intel64 Family 6 Model 181 Stepping 0, GenuineIntel",Windows-10-10.0.26100-SP0,3.11.9,2.5.2,6,7,42,20,42
linear_chain,41,2,0,42,1.0,21,1,3,0,89.231689799999,21,21,True,True,0,34.78469999754452,21.29507064819336,0.0,25.047779083251953,0.612196472865846,21.29507064819336,0.0,0.0,0.0,VF2Layout,21.29507064819336,26,solution found,no better solution found,True,True,123,456,,"Intel64 Family 6 Model 181 Stepping 0, GenuineIntel",Windows-10-10.0.26100-SP0,3.11.9,2.5.2,6,7,42,20,42
linear_chain,41,2,0,42,1.0,21,1,3,1,89.26916559999881,21,21,True,True,0,32.25110000130371,23.031949996948242,0.0,26.340961456298828,0.7141446337029498,23.031949996948242,0.0,0.0,0.0,VF2Layout,23.031949996948242,26,solution found,no better solution found,True,True,123,456,,"Intel64 Family 6 Model 181 Stepping 0, GenuineIntel",Windows-10-10.0.26100-SP0,3.11.9,2.5.2,6,7,42,20,42
linear_chain,41,2,0,42,1.0,21,2,3,0,89.45673410000018,21,21,True,True,0,32.248299998173025,19.944429397583008,0.0,27.181148529052734,0.6184645205704774,19.944429397583008,0.0,0.0,0.0,VF2Layout,19.944429397583008,26,solution found,no better solution found,True,True,123,456,,"Intel64 Family 6 Model 181 Stepping 0, GenuineIntel",Windows-10-10.0.26100-SP0,3.11.9,2.5.2,6,7,42,20,42
linear_chain,41,2,0,42,1.0,21,2,3,1,89.49133379999694,21,21,True,True,0,32.35299999869312,20.42245864868164,0.0,26.42083168029785,0.631238483278416,20.42245864868164,0.0,0.0,0.0,VF2Layout,20.42245864868164,26,solution found,no better solution found,True,True,123,456,,"Intel64 Family 6 Model 181 Stepping 0, GenuineIntel",Windows-10-10.0.26100-SP0,3.11.9,2.5.2,6,7,42,20,42
random_regular,63,3,0,42,1.0,21,0,3,0,89.77139159999933,21,21,True,True,0,30.314100000396138,13.111591339111328,0.0,22.38941192626953,0.4325245129804279,8.11004638671875,4.001617431640625,0.9999275207519531,0.0,VF2Layout,8.11004638671875,25,nonexistent solution,no better solution found,True,True,318,213,,"Intel64 Family 6 Model 181 Stepping 0, GenuineIntel",Windows-10-10.0.26100-SP0,3.11.9,2.5.2,6,7,42,20,42
random_regular,63,3,0,42,1.0,21,0,3,1,89.80574499999784,21,21,True,True,0,29.619900000398047,14.540910720825195,0.0,22.270679473876953,0.49091694167197686,7.540225982666016,4.997491836547852,2.003192901611328,0.0,VF2Layout,7.540225982666016,25,nonexistent solution,no better solution found,True,True,318,213,,"Intel64 Family 6 Model 181 Stepping 0, GenuineIntel",Windows-10-10.0.26100-SP0,3.11.9,2.5.2,6,7,42,20,42
random_regular,63,3,0,42,1.0,21,1,3,0,90.06424409999818,21,21,True,True,0,33.99850000278093,19.124269485473633,0.0,21.1331844329834,0.5625033305560349,15.223503112792969,3.900766372680664,0.0,0.0,VF2Layout,15.223503112792969,25,nonexistent solution,no better solution found,True,True,336,221,,"Intel64 Family 6 Model 181 Stepping 0, GenuineIntel",Windows-10-10.0.26100-SP0,3.11.9,2.5.2,6,7,42,20,42
random_regular,63,3,0,42,1.0,21,1,3,1,90.1026071999986,21,21,True,True,0,33.45379999882425,19.1648006439209,0.0,24.72543716430664,0.5728736539524495,12.753486633300781,6.411314010620117,0.0,0.0,VF2Layout,12.753486633300781,25,nonexistent solution,no better solution found,True,True,336,221,,"Intel64 Family 6 Model 181 Stepping 0, GenuineIntel",Windows-10-10.0.26100-SP0,3.11.9,2.5.2,6,7,42,20,42
random_regular,63,3,0,42,1.0,21,2,3,0,90.35778269999719,21,21,True,True,0,20.777199999429286,3.925323486328125,0.0,16.08562469482422,0.18892456569874416,0.0,3.925323486328125,0.0,0.0,CommutativeCancellation,10.666370391845703,25,nonexistent solution,no better solution found,True,True,318,150,,"Intel64 Family 6 Model 181 Stepping 0, GenuineIntel",Windows-10-10.0.26100-SP0,3.11.9,2.5.2,6,7,42,20,42
random_regular,63,3,0,42,1.0,21,2,3,1,90.38281519999873,21,21,True,True,0,20.740500000101747,8.150815963745117,0.0,12.664318084716797,0.3929903311735557,0.0,8.150815963745117,0.0,0.0,SabreLayout,8.150815963745117,25,nonexistent solution,no better solution found,True,True,318,150,,"Intel64 Family 6 Model 181 Stepping 0, GenuineIntel",Windows-10-10.0.26100-SP0,3.11.9,2.5.2,6,7,42,20,42
ghz_star,41,41,0,42,1.0,21,0,3,0,90.55521969999972,21,21,True,True,0,21.07579999938025,0.7860660552978516,0.0,12.226581573486328,0.03729709217780423,0.0,0.7860660552978516,0.0,0.0,Split2QUnitaries,11.440515518188477,25,nonexistent solution,no better solution found,True,True,201,616,,"Intel64 Family 6 Model 181 Stepping 0, GenuineIntel",Windows-10-10.0.26100-SP0,3.11.9,2.5.2,6,7,42,20,42
ghz_star,41,41,0,42,1.0,21,0,3,1,90.57890409999891,21,21,True,True,0,24.283200000354555,0.0,0.0,16.281604766845703,0.0,0.0,0.0,0.0,0.0,BasisTranslator,14.91093635559082,25,nonexistent solution,no better solution found,True,True,201,616,,"Intel64 Family 6 Model 181 Stepping 0, GenuineIntel",Windows-10-10.0.26100-SP0,3.11.9,2.5.2,6,7,42,20,42
ghz_star,41,41,0,42,1.0,21,1,3,0,90.76331509999727,21,21,True,True,0,20.551900001009926,0.0,0.0,6.245613098144531,0.0,0.0,0.0,0.0,0.0,InverseCancellation,3.126859664916992,25,nonexistent solution,no better solution found,True,True,201,616,,"Intel64 Family 6 Model 181 Stepping 0, GenuineIntel",Windows-10-10.0.26100-SP0,3.11.9,2.5.2,6,7,42,20,42
ghz_star,41,41,0,42,1.0,21,1,3,1,90.78660169999785,21,21,True,True,0,19.41879999867524,5.416154861450195,0.0,10.365962982177734,0.27891295352028384,0.0,0.0,5.416154861450195,0.0,VF2PostLayout,5.416154861450195,25,nonexistent solution,no better solution found,True,True,201,616,,"Intel64 Family 6 Model 181 Stepping 0, GenuineIntel",Windows-10-10.0.26100-SP0,3.11.9,2.5.2,6,7,42,20,42
ghz_star,41,41,0,42,1.0,21,2,3,0,90.95827469999858,21,21,True,True,0,20.470200001000194,6.91533088684082,0.0,20.209550857543945,0.337824295146258,0.0,0.9443759918212891,5.970954895019531,0.0,ConsolidateBlocks,11.288881301879883,25,nonexistent solution,no better solution found,True,True,201,616,,"Intel64 Family 6 Model 181 Stepping 0, GenuineIntel",Windows-10-10.0.26100-SP0,3.11.9,2.5.2,6,7,42,20,42
ghz_star,41,41,0,42,1.0,21,2,3,1,90.98134539999955,21,21,True,True,0,19.598599999881117,7.581472396850586,0.0,13.914346694946289,0.3868374474144365,0.0,0.0,7.581472396850586,0.0,VF2PostLayout,7.581472396850586,25,nonexistent solution,no better solution found,True,True,201,616,,"Intel64 Family 6 Model 181 Stepping 0, GenuineIntel",Windows-10-10.0.26100-SP0,3.11.9,2.5.2,6,7,42,20,42
dense_pairs,20,1,1,41,0.9761904761904762,20,0,3,0,91.08722809999745,21,20,True,True,1,22.80640000026324,7.953405380249023,0.0,7.953405380249023,0.34873567858834464,7.953405380249023,0.0,0.0,0.0,VF2Layout,7.953405380249023,26,solution found,no better solution found,True,True,60,16,,"Intel64 Family 6 Model 181 Stepping 0, GenuineIntel",Windows-10-10.0.26100-SP0,3.11.9,2.5.2,6,7,42,20,42
dense_pairs,20,1,1,41,0.9761904761904762,20,0,3,1,91.1114035999999,21,20,True,True,1,23.082699997758027,12.37630844116211,0.0,33.209800720214844,0.5361724773256246,12.37630844116211,0.0,0.0,0.0,HighLevelSynthesis,15.665531158447266,26,solution found,no better solution found,True,True,60,16,,"Intel64 Family 6 Model 181 Stepping 0, GenuineIntel",Windows-10-10.0.26100-SP0,3.11.9,2.5.2,6,7,42,20,42
dense_pairs,20,1,1,41,0.9761904761904762,20,1,3,0,91.22004389999711,21,20,True,True,1,23.172400000476046,15.469789505004883,0.0,15.469789505004883,0.6675954801698174,15.469789505004883,0.0,0.0,0.0,VF2Layout,15.469789505004883,26,solution found,no better solution found,True,True,60,16,,"Intel64 Family 6 Model 181 Stepping 0, GenuineIntel",Windows-10-10.0.26100-SP0,3.11.9,2.5.2,6,7,42,20,42
dense_pairs,20,1,1,41,0.9761904761904762,20,1,3,1,91.24456849999842,21,20,True,True,1,24.88929999890388,12.080669403076172,0.0,18.21589469909668,0.4853760211660514,12.080669403076172,0.0,0.0,0.0,VF2Layout,12.080669403076172,26,solution found,no better solution found,True,True,60,16,,"Intel64 Family 6 Model 181 Stepping 0, GenuineIntel",Windows-10-10.0.26100-SP0,3.11.9,2.5.2,6,7,42,20,42
dense_pairs,20,1,1,41,0.9761904761904762,20,2,3,0,91.35672639999757,21,20,True,True,1,20.999899999878835,11.986494064331055,0.0,14.983177185058594,0.5707881496769134,11.986494064331055,0.0,0.0,0.0,VF2Layout,11.986494064331055,26,solution found,no better solution found,True,True,60,16,,"Intel64 Family 6 Model 181 Stepping 0, GenuineIntel",Windows-10-10.0.26100-SP0,3.11.9,2.5.2,6,7,42,20,42
dense_pairs,20,1,1,41,0.9761904761904762,20,2,3,1,91.37919679999686,21,20,True,True,1,28.261399998882553,13.745546340942383,0.0,20.747900009155273,0.4863717417214249,13.745546340942383,0.0,0.0,0.0,VF2Layout,13.745546340942383,26,solution found,no better solution found,True,True,60,16,,"Intel64 Family 6 Model 181 Stepping 0, GenuineIntel",Windows-10-10.0.26100-SP0,3.11.9,2.5.2,6,7,42,20,42
linear_chain,40,2,1,41,0.9761904761904762,20,0,3,0,91.6312356999988,21,20,True,True,1,40.55369999696268,17.750978469848633,0.0,27.814865112304688,0.4377153865412556,17.750978469848633,0.0,0.0,0.0,VF2Layout,17.750978469848633,26,solution found,no better solution found,True,True,120,445,,"Intel64 Family 6 Model 181 Stepping 0, GenuineIntel",Windows-10-10.0.26100-SP0,3.11.9,2.5.2,6,7,42,20,42
linear_chain,40,2,1,41,0.9761904761904762,20,0,3,1,91.67562869999892,21,20,True,True,1,37.79969999959576,14.711380004882812,0.0,14.711380004882812,0.38919303605690364,14.711380004882812,0.0,0.0,0.0,VF2Layout,14.711380004882812,26,solution found,no better solution found,True,True,120,445,,"Intel64 Family 6 Model 181 Stepping 0, GenuineIntel",Windows-10-10.0.26100-SP0,3.11.9,2.5.2,6,7,42,20,42
linear_chain,40,2,1,41,0.9761904761904762,20,1,3,0,91.87704879999728,21,20,True,True,1,32.4216000008164,16.66402816772461,0.0,20.487308502197266,0.5139792042127779,16.66402816772461,0.0,0.0,0.0,VF2Layout,16.66402816772461,26,solution found,no better solution found,True,True,120,445,,"Intel64 Family 6 Model 181 Stepping 0, GenuineIntel",Windows-10-10.0.26100-SP0,3.11.9,2.5.2,6,7,42,20,42
linear_chain,40,2,1,41,0.9761904761904762,20,1,3,1,91.9116815999987,21,20,True,True,1,32.42020000107004,16.96181297302246,0.0,16.96181297302246,0.5231865618491751,16.96181297302246,0.0,0.0,0.0,VF2Layout,16.96181297302246,26,solution found,no better solution found,True,True,120,445,,"Intel64 Family 6 Model 181 Stepping 0, GenuineIntel",Windows-10-10.0.26100-SP0,3.11.9,2.5.2,6,7,42,20,42
linear_chain,40,2,1,41,0.9761904761904762,20,2,3,0,92.09983199999988,21,20,True,True,1,32.083600002806634,16.843795776367188,0.0,16.843795776367188,0.5249970631379806,16.843795776367188,0.0,0.0,0.0,VF2Layout,16.843795776367188,26,solution found,no better solution found,True,True,120,445,,"Intel64 Family 6 Model 181 Stepping 0, GenuineIntel",Windows-10-10.0.26100-SP0,3.11.9,2.5.2,6,7,42,20,42
linear_chain,40,2,1,41,0.9761904761904762,20,2,3,1,92.13439699999799,21,20,True,True,1,31.666999999288237,22.387027740478516,0.0,31.912565231323242,0.7069513291749044,22.387027740478516,0.0,0.0,0.0,VF2Layout,22.387027740478516,26,solution found,no better solution found,True,True,120,445,,"Intel64 Family 6 Model 181 Stepping 0, GenuineIntel",Windows-10-10.0.26100-SP0,3.11.9,2.5.2,6,7,42,20,42
random_regular,60,3,1,41,0.9761904761904762,20,0,3,0,92.3987993999981,21,20,True,True,1,32.95799999978044,23.621559143066406,0.0,23.621559143066406,0.7167170078045928,16.98589324951172,6.6356658935546875,0.0,0.0,VF2Layout,16.98589324951172,25,nonexistent solution,no better solution found,True,True,324,238,,"Intel64 Family 6 Model 181 Stepping 0, GenuineIntel",Windows-10-10.0.26100-SP0,3.11.9,2.5.2,6,7,42,20,42
random_regular,60,3,1,41,0.9761904761904762,20,0,3,1,92.43640029999733,21,20,True,True,1,32.92240000155289,27.069091796875,0.0,32.411813735961914,0.8222089457511664,23.234844207763672,3.834247589111328,0.0,0.0,VF2Layout,23.234844207763672,25,nonexistent solution,no better solution found,True,True,324,238,,"Intel64 Family 6 Model 181 Stepping 0, GenuineIntel",Windows-10-10.0.26100-SP0,3.11.9,2.5.2,6,7,42,20,42
random_regular,60,3,1,41,0.9761904761904762,20,1,3,0,92.74055379999845,21,20,True,True,1,77.02109999809181,58.182477951049805,0.0,74.462890625,0.75540959493556,50.45318603515625,7.389068603515625,0.3402233123779297,0.0,VF2Layout,50.45318603515625,25,nonexistent solution,no better solution found,True,True,294,150,,"Intel64 Family 6 Model 181 Stepping 0, GenuineIntel",Windows-10-10.0.26100-SP0,3.11.9,2.5.2,6,7,42,20,42
random_regular,60,3,1,41,0.9761904761904762,20,1,3,1,92.82178089999798,21,20,True,True,1,84.76980000341428,83.10246467590332,0.0,83.10246467590332,0.9803310220450703,66.88928604125977,12.541532516479492,3.6716461181640625,0.0,VF2Layout,66.88928604125977,25,nonexistent solution,no better solution found,True,True,294,150,,"Intel64 Family 6 Model 181 Stepping 0, GenuineIntel",Windows-10-10.0.26100-SP0,3.11.9,2.5.2,6,7,42,20,42
random_regular,60,3,1,41,0.9761904761904762,20,2,3,0,93.11178029999792,21,20,True,True,1,20.97180000055232,8.00323486328125,0.0,14.79029655456543,0.38161888169210434,0.0,8.00323486328125,0.0,0.0,SabreLayout,8.00323486328125,25,nonexistent solution,no better solution found,True,True,297,139,,"Intel64 Family 6 Model 181 Stepping 0, GenuineIntel",Windows-10-10.0.26100-SP0,3.11.9,2.5.2,6,7,42,20,42
random_regular,60,3,1,41,0.9761904761904762,20,2,3,1,93.13690519999727,21,20,True,True,1,23.830199999792967,18.342256546020508,0.0,24.252891540527344,0.76970636193485,0.0,18.342256546020508,0.0,0.0,SabreLayout,18.342256546020508,25,nonexistent solution,no better solution found,True,True,297,139,,"Intel64 Family 6 Model 181 Stepping 0, GenuineIntel",Windows-10-10.0.26100-SP0,3.11.9,2.5.2,6,7,42,20,42
ghz_star,40,40,1,41,0.9761904761904762,20,0,3,0,93.35611379999682,21,20,True,True,1,65.32570000126725,42.299747467041016,0.0,59.34596061706543,0.6475207684911213,0.0,7.255077362060547,35.04467010498047,0.0,VF2PostLayout,35.04467010498047,25,nonexistent solution,no better solution found,True,True,210,591,,"Intel64 Family 6 Model 181 Stepping 0, GenuineIntel",Windows-10-10.0.26100-SP0,3.11.9,2.5.2,6,7,42,20,42
ghz_star,40,40,1,41,0.9761904761904762,20,0,3,1,93.42402399999992,21,20,True,True,1,67.7058000001125,50.35257339477539,0.0,67.11935997009277,0.743696601985232,0.0,0.0,50.35257339477539,0.0,VF2PostLayout,50.35257339477539,25,nonexistent solution,no better solution found,True,True,210,591,,"Intel64 Family 6 Model 181 Stepping 0, GenuineIntel",Windows-10-10.0.26100-SP0,3.11.9,2.5.2,6,7,42,20,42
ghz_star,40,40,1,41,0.9761904761904762,20,1,3,0,93.68768669999918,21,20,True,True,1,71.36090000130935,52.12092399597168,0.0,66.39337539672852,0.7303849025869258,0.0,1.9872188568115234,50.133705139160156,0.0,VF2PostLayout,50.133705139160156,25,nonexistent solution,no better solution found,True,True,210,591,,"Intel64 Family 6 Model 181 Stepping 0, GenuineIntel",Windows-10-10.0.26100-SP0,3.11.9,2.5.2,6,7,42,20,42
ghz_star,40,40,1,41,0.9761904761904762,20,1,3,1,93.76161419999698,21,20,True,True,1,66.36069999876781,50.0483512878418,0.0,50.0483512878418,0.754186608772528,0.0,0.0,50.0483512878418,0.0,VF2PostLayout,50.0483512878418,25,nonexistent solution,no better solution found,True,True,210,591,,"Intel64 Family 6 Model 181 Stepping 0, GenuineIntel",Windows-10-10.0.26100-SP0,3.11.9,2.5.2,6,7,42,20,42
ghz_star,40,40,1,41,0.9761904761904762,20,2,3,0,94.02715840000019,21,20,True,True,1,67.51749999966705,50.746917724609375,0.0,52.02507972717285,0.751611326320726,0.0,0.0,50.746917724609375,0.0,VF2PostLayout,50.746917724609375,25,nonexistent solution,no better solution found,True,True,210,591,,"Intel64 Family 6 Model 181 Stepping 0, GenuineIntel",Windows-10-10.0.26100-SP0,3.11.9,2.5.2,6,7,42,20,42
ghz_star,40,40,1,41,0.9761904761904762,20,2,3,1,94.09882559999824,21,20,True,True,1,68.43750000189175,58.95638465881348,0.0,65.42396545410156,0.8614631548081652,0.0,0.0,58.95638465881348,0.0,VF2PostLayout,58.95638465881348,25,nonexistent solution,no better solution found,True,True,210,591,,"Intel64 Family 6 Model 181 Stepping 0, GenuineIntel",Windows-10-10.0.26100-SP0,3.11.9,2.5.2,6,7,42,20,42
dense_pairs,20,1,2,40,0.9523809523809523,20,0,3,0,94.25451019999673,21,20,True,True,1,25.95579999979236,7.366180419921875,0.0,7.366180419921875,0.28379708658491754,7.366180419921875,0.0,0.0,0.0,VF2Layout,7.366180419921875,26,solution found,no better solution found,True,True,60,16,,"Intel64 Family 6 Model 181 Stepping 0, GenuineIntel",Windows-10-10.0.26100-SP0,3.11.9,2.5.2,6,7,42,20,42
dense_pairs,20,1,2,40,0.9523809523809523,20,0,3,1,94.28184489999694,21,20,True,True,1,22.165300000779098,17.023324966430664,0.0,17.023324966430664,0.7680168987485982,17.023324966430664,0.0,0.0,0.0,VF2Layout,17.023324966430664,26,solution found,no better solution found,True,True,60,16,,"Intel64 Family 6 Model 181 Stepping 0, GenuineIntel",Windows-10-10.0.26100-SP0,3.11.9,2.5.2,6,7,42,20,42
dense_pairs,20,1,2,40,0.9523809523809523,20,1,3,0,94.39682389999871,21,20,True,True,1,22.122700000181794,14.42098617553711,0.0,16.942501068115234,0.6518637496968546,14.42098617553711,0.0,0.0,0.0,VF2Layout,14.42098617553711,26,solution found,no better solution found,True,True,60,16,,"Intel64 Family 6 Model 181 Stepping 0, GenuineIntel",Windows-10-10.0.26100-SP0,3.11.9,2.5.2,6,7,42,20,42
dense_pairs,20,1,2,40,0.9523809523809523,20,1,3,1,94.4203798999988,21,20,True,True,1,22.495799999887822,16.30401611328125,0.0,16.30401611328125,0.7247582265739628,16.30401611328125,0.0,0.0,0.0,VF2Layout,16.30401611328125,26,solution found,no better solution found,True,True,60,16,,"Intel64 Family 6 Model 181 Stepping 0, GenuineIntel",Windows-10-10.0.26100-SP0,3.11.9,2.5.2,6,7,42,20,42
dense_pairs,20,1,2,40,0.9523809523809523,20,2,3,0,94.53084419999868,21,20,True,True,1,22.83499999975902,15.41757583618164,0.0,16.245126724243164,0.6751730166999932,0.0,0.0,0.0,0.0,ApplyLayout,15.41757583618164,26,solution found,no better solution found,True,True,60,16,,"Intel64 Family 6 Model 181 Stepping 0, GenuineIntel",Windows-10-10.0.26100-SP0,3.11.9,2.5.2,6,7,42,20,42
dense_pairs,20,1,2,40,0.9523809523809523,20,2,3,1,94.55507829999988,21,20,True,True,1,21.322299999155803,6.948947906494141,0.0,16.926050186157227,0.32590048478678496,6.948947906494141,0.0,0.0,0.0,RemoveIdentityEquivalent,9.977102279663086,26,solution found,no better solution found,True,True,60,16,,"Intel64 Family 6 Model 181 Stepping 0, GenuineIntel",Windows-10-10.0.26100-SP0,3.11.9,2.5.2,6,7,42,20,42
linear_chain,39,2,2,40,0.9523809523809523,20,0,3,0,94.79953559999922,21,20,True,True,1,34.75629999957164,16.94011688232422,0.0,33.684730529785156,0.48739701529026397,16.94011688232422,0.0,0.0,0.0,VF2Layout,16.94011688232422,26,solution found,no better solution found,True,True,117,434,,"Intel64 Family 6 Model 181 Stepping 0, GenuineIntel",Windows-10-10.0.26100-SP0,3.11.9,2.5.2,6,7,42,20,42
linear_chain,39,2,2,40,0.9523809523809523,20,0,3,1,94.83646539999972,21,20,True,True,1,36.535799998091534,33.38932991027832,0.0,33.38932991027832,0.9138798086266738,33.38932991027832,0.0,0.0,0.0,VF2Layout,33.38932991027832,26,solution found,no better solution found,True,True,117,434,,"Intel64 Family 6 Model 181 Stepping 0, GenuineIntel",Windows-10-10.0.26100-SP0,3.11.9,2.5.2,6,7,42,20,42
linear_chain,39,2,2,40,0.9523809523809523,20,1,3,0,95.02802469999733,21,20,True,True,1,33.00979999767151,17.017364501953125,0.0,17.628192901611328,0.5155246170274743,17.017364501953125,0.0,0.0,0.0,VF2Layout,17.017364501953125,26,solution found,no better solution found,True,True,117,434,,"Intel64 Family 6 Model 181 Stepping 0, GenuineIntel",Windows-10-10.0.26100-SP0,3.11.9,2.5.2,6,7,42,20,42
linear_chain,39,2,2,40,0.9523809523809523,20,1,3,1,95.06316059999881,21,20,True,True,1,32.526099999813596,16.735553741455078,0.0,16.735553741455078,0.5145269104365721,16.735553741455078,0.0,0.0,0.0,VF2Layout,16.735553741455078,26,solution found,no better solution found,True,True,117,434,,"Intel64 Family 6 Model 181 Stepping 0, GenuineIntel",Windows-10-10.0.26100-SP0,3.11.9,2.5.2,6,7,42,20,42
linear_chain,39,2,2,40,0.9523809523809523,20,2,3,0,95.26897779999854,21,20,True,True,1,34.44590000071912,16.77870750427246,0.0,18.289566040039062,0.4871031822052022,16.77870750427246,0.0,0.0,0.0,VF2Layout,16.77870750427246,26,solution found,no better solution found,True,True,117,434,,"Intel64 Family 6 Model 181 Stepping 0, GenuineIntel",Windows-10-10.0.26100-SP0,3.11.9,2.5.2,6,7,42,20,42
linear_chain,39,2,2,40,0.9523809523809523,20,2,3,1,95.30561589999706,21,20,True,True,1,32.97710000333609,33.457279205322266,0.0,33.457279205322266,1.0145609893513257,32.75632858276367,0.0,0.0,0.0,VF2Layout,32.75632858276367,26,solution found,no better solution found,True,True,117,434,,"Intel64 Family 6 Model 181 Stepping 0, GenuineIntel",Windows-10-10.0.26100-SP0,3.11.9,2.5.2,6,7,42,20,42
random_regular,60,3,2,40,0.9523809523809523,20,0,3,0,95.56012099999862,21,20,True,True,1,34.54510000301525,18.973827362060547,0.0,20.91670036315918,0.5492480079781048,0.0,18.973827362060547,0.0,0.0,SabreLayout,18.973827362060547,25,nonexistent solution,no better solution found,True,True,324,238,,"Intel64 Family 6 Model 181 Stepping 0, GenuineIntel",Windows-10-10.0.26100-SP0,3.11.9,2.5.2,6,7,42,20,42
random_regular,60,3,2,40,0.9523809523809523,20,0,3,1,95.59844729999895,21,20,True,True,1,33.5056000003533,22.022724151611328,0.0,22.022724151611328,0.6572848763006516,16.506433486938477,5.516290664672852,0.0,0.0,VF2Layout,16.506433486938477,25,nonexistent solution,no better solution found,True,True,324,238,,"Intel64 Family 6 Model 181 Stepping 0, GenuineIntel",Windows-10-10.0.26100-SP0,3.11.9,2.5.2,6,7,42,20,42
random_regular,60,3,2,40,0.9523809523809523,20,1,3,0,95.90386949999811,21,20,True,True,1,82.91580000150134,64.07332420349121,0.0,75.21700859069824,0.7727516854728659,54.9008846282959,9.172439575195312,0.0,0.0,VF2Layout,54.9008846282959,25,nonexistent solution,no better solution found,True,True,294,150,,"Intel64 Family 6 Model 181 Stepping 0, GenuineIntel",Windows-10-10.0.26100-SP0,3.11.9,2.5.2,6,7,42,20,42
random_regular,60,3,2,40,0.9523809523809523,20,1,3,1,95.99067019999711,21,20,True,True,1,79.57560000068042,61.62142753601074,0.0,83.28485488891602,0.7743759083875439,50.278425216674805,11.343002319335938,0.0,0.0,VF2Layout,50.278425216674805,25,nonexistent solution,no better solution found,True,True,294,150,,"Intel64 Family 6 Model 181 Stepping 0, GenuineIntel",Windows-10-10.0.26100-SP0,3.11.9,2.5.2,6,7,42,20,42
random_regular,60,3,2,40,0.9523809523809523,20,2,3,0,96.27795999999944,21,20,True,True,1,22.645699998975033,7.109642028808594,0.0,16.335248947143555,0.31395108250707127,0.0,7.109642028808594,0.0,0.0,TwoQubitPeepholeOptimization,7.779836654663086,25,nonexistent solution,no better solution found,True,True,297,139,,"Intel64 Family 6 Model 181 Stepping 0, GenuineIntel",Windows-10-10.0.26100-SP0,3.11.9,2.5.2,6,7,42,20,42
random_regular,60,3,2,40,0.9523809523809523,20,2,3,1,96.30435249999937,21,20,True,True,1,21.687499996914994,18.55635643005371,0.0,18.55635643005371,0.8556245041011328,0.0,18.55635643005371,0.0,0.0,SabreLayout,18.55635643005371,25,nonexistent solution,no better solution found,True,True,297,139,,"Intel64 Family 6 Model 181 Stepping 0, GenuineIntel",Windows-10-10.0.26100-SP0,3.11.9,2.5.2,6,7,42,20,42
ghz_star,39,39,2,40,0.9523809523809523,20,0,3,0,96.46439889999965,21,20,True,True,1,18.034000000625383,7.5817108154296875,0.0,15.234708786010742,0.42041204475805527,0.0,0.0,7.5817108154296875,0.0,ConsolidateBlocks,7.652997970581055,26,nonexistent solution,no better solution found,True,True,207,605,,"Intel64 Family 6 Model 181 Stepping 0, GenuineIntel",Windows-10-10.0.26100-SP0,3.11.9,2.5.2,6,7,42,20,42
ghz_star,39,39,2,40,0.9523809523809523,20,0,3,1,96.48510749999696,21,20,True,True,1,16.732600000977982,0.0,0.0,16.739606857299805,0.0,0.0,0.0,0.0,0.0,BasisTranslator,14.777421951293945,26,nonexistent solution,no better solution found,True,True,207,605,,"Intel64 Family 6 Model 181 Stepping 0, GenuineIntel",Windows-10-10.0.26100-SP0,3.11.9,2.5.2,6,7,42,20,42
ghz_star,39,39,2,40,0.9523809523809523,20,1,3,0,96.64511839999977,21,20,True,True,1,17.91410000078031,0.0,0.0,0.0,0.0,0.0,0.0,0.0,0.0,ContainsInstruction,0.0,26,nonexistent solution,no better solution found,True,True,207,605,,"Intel64 Family 6 Model 181 Stepping 0, GenuineIntel",Windows-10-10.0.26100-SP0,3.11.9,2.5.2,6,7,42,20,42
ghz_star,39,39,2,40,0.9523809523809523,20,1,3,1,96.66561349999756,21,20,True,True,1,16.46729999993113,0.0,0.0,7.54547119140625,0.0,0.0,0.0,0.0,0.0,Split2QUnitaries,7.54547119140625,26,nonexistent solution,no better solution found,True,True,207,605,,"Intel64 Family 6 Model 181 Stepping 0, GenuineIntel",Windows-10-10.0.26100-SP0,3.11.9,2.5.2,6,7,42,20,42
ghz_star,39,39,2,40,0.9523809523809523,20,2,3,0,96.82677369999874,21,20,True,True,1,19.00279999972554,0.0,0.0,0.9734630584716797,0.0,0.0,0.0,0.0,0.0,HighLevelSynthesis,0.9734630584716797,26,nonexistent solution,no better solution found,True,True,207,605,,"Intel64 Family 6 Model 181 Stepping 0, GenuineIntel",Windows-10-10.0.26100-SP0,3.11.9,2.5.2,6,7,42,20,42
ghz_star,39,39,2,40,0.9523809523809523,20,2,3,1,96.84829739999986,21,20,True,True,1,15.882099996815668,0.0,0.0,13.522148132324219,0.0,0.0,0.0,0.0,0.0,TwoQubitPeepholeOptimization,13.522148132324219,26,nonexistent solution,no better solution found,True,True,207,605,,"Intel64 Family 6 Model 181 Stepping 0, GenuineIntel",Windows-10-10.0.26100-SP0,3.11.9,2.5.2,6,7,42,20,42
dense_pairs,19,1,4,38,0.9047619047619048,19,0,3,0,96.95532629999798,21,19,True,True,2,23.309899999730987,16.390323638916016,0.0,16.390323638916016,0.7031486037737258,16.390323638916016,0.0,0.0,0.0,VF2Layout,16.390323638916016,26,solution found,no better solution found,True,True,57,16,,"Intel64 Family 6 Model 181 Stepping 0, GenuineIntel",Windows-10-10.0.26100-SP0,3.11.9,2.5.2,6,7,42,20,42
dense_pairs,19,1,4,38,0.9047619047619048,19,0,3,1,96.98079249999864,21,19,True,True,2,26.300900000933325,17.093181610107422,0.0,17.093181610107422,0.6499086194579214,17.093181610107422,0.0,0.0,0.0,VF2Layout,17.093181610107422,26,solution found,no better solution found,True,True,57,16,,"Intel64 Family 6 Model 181 Stepping 0, GenuineIntel",Windows-10-10.0.26100-SP0,3.11.9,2.5.2,6,7,42,20,42
dense_pairs,19,1,4,38,0.9047619047619048,19,1,3,0,97.09623719999945,21,19,True,True,2,23.26570000150241,0.0,0.0,16.023635864257812,0.0,0.0,0.0,0.0,0.0,TwoQubitPeepholeOptimization,15.18559455871582,26,solution found,no better solution found,True,True,57,16,,"Intel64 Family 6 Model 181 Stepping 0, GenuineIntel",Windows-10-10.0.26100-SP0,3.11.9,2.5.2,6,7,42,20,42
dense_pairs,19,1,4,38,0.9047619047619048,19,1,3,1,97.12085669999942,21,19,True,True,2,26.668599999538856,17.03667640686035,0.0,17.03667640686035,0.6388290501621736,17.03667640686035,0.0,0.0,0.0,VF2Layout,17.03667640686035,26,solution found,no better solution found,True,True,57,16,,"Intel64 Family 6 Model 181 Stepping 0, GenuineIntel",Windows-10-10.0.26100-SP0,3.11.9,2.5.2,6,7,42,20,42
dense_pairs,19,1,4,38,0.9047619047619048,19,2,3,0,97.2315153999989,21,19,True,True,2,26.228099999570986,16.129255294799805,0.0,16.129255294799805,0.614960873836215,16.129255294799805,0.0,0.0,0.0,VF2Layout,16.129255294799805,26,solution found,no better solution found,True,True,57,16,,"Intel64 Family 6 Model 181 Stepping 0, GenuineIntel",Windows-10-10.0.26100-SP0,3.11.9,2.5.2,6,7,42,20,42
dense_pairs,19,1,4,38,0.9047619047619048,19,2,3,1,97.25905239999702,21,19,True,True,2,22.915499997907318,17.427444458007812,0.0,31.30936622619629,0.7605090205144691,2.754688262939453,0.0,14.67275619506836,0.0,VF2PostLayout,14.67275619506836,26,solution found,no better solution found,True,True,57,16,,"Intel64 Family 6 Model 181 Stepping 0, GenuineIntel",Windows-10-10.0.26100-SP0,3.11.9,2.5.2,6,7,42,20,42
linear_chain,37,2,4,38,0.9047619047619048,19,0,3,0,97.43630949999715,21,19,True,True,2,34.33910000239848,20.855426788330078,0.0,24.93143081665039,0.6073376060197673,20.855426788330078,0.0,0.0,0.0,VF2Layout,20.855426788330078,26,solution found,no better solution found,True,True,111,412,,"Intel64 Family 6 Model 181 Stepping 0, GenuineIntel",Windows-10-10.0.26100-SP0,3.11.9,2.5.2,6,7,42,20,42
linear_chain,37,2,4,38,0.9047619047619048,19,0,3,1,97.47276829999828,21,19,True,True,2,33.08359999937238,33.6003303527832,0.0,33.6003303527832,1.01561892760826,33.6003303527832,0.0,0.0,0.0,VF2Layout,33.6003303527832,26,solution found,no better solution found,True,True,111,412,,"Intel64 Family 6 Model 181 Stepping 0, GenuineIntel",Windows-10-10.0.26100-SP0,3.11.9,2.5.2,6,7,42,20,42
linear_chain,37,2,4,38,0.9047619047619048,19,1,3,0,97.6540326999966,21,19,True,True,2,35.19779999987804,32.55057334899902,0.0,33.53524208068848,0.9247899967927486,31.67867660522461,0.0,0.0,0.0,VF2Layout,31.67867660522461,26,solution found,no better solution found,True,True,111,412,,"Intel64 Family 6 Model 181 Stepping 0, GenuineIntel",Windows-10-10.0.26100-SP0,3.11.9,2.5.2,6,7,42,20,42
linear_chain,37,2,4,38,0.9047619047619048,19,1,3,1,97.69155129999854,21,19,True,True,2,33.675599999696715,16.722917556762695,0.0,33.07795524597168,0.496588555420343,16.722917556762695,0.0,0.0,0.0,VF2Layout,16.722917556762695,26,solution found,no better solution found,True,True,111,412,,"Intel64 Family 6 Model 181 Stepping 0, GenuineIntel",Windows-10-10.0.26100-SP0,3.11.9,2.5.2,6,7,42,20,42
linear_chain,37,2,4,38,0.9047619047619048,19,2,3,0,97.88119589999769,21,19,True,True,2,33.73250000004191,16.918420791625977,0.0,16.918420791625977,0.5015466031751266,16.918420791625977,0.0,0.0,0.0,VF2Layout,16.918420791625977,26,solution found,no better solution found,True,True,111,412,,"Intel64 Family 6 Model 181 Stepping 0, GenuineIntel",Windows-10-10.0.26100-SP0,3.11.9,2.5.2,6,7,42,20,42
linear_chain,37,2,4,38,0.9047619047619048,19,2,3,1,97.9169968999995,21,19,True,True,2,33.041599999705795,17.09771156311035,0.0,32.29165077209473,0.5174601582024657,16.4794921875,0.0,0.6182193756103516,0.0,VF2Layout,16.4794921875,26,solution found,no better solution found,True,True,111,412,,"Intel64 Family 6 Model 181 Stepping 0, GenuineIntel",Windows-10-10.0.26100-SP0,3.11.9,2.5.2,6,7,42,20,42
random_regular,57,3,4,38,0.9047619047619048,19,0,3,0,98.15926639999816,21,19,True,True,2,31.491599998844322,16.676902770996094,0.0,38.79141807556152,0.5295667026003157,0.0,9.834051132202148,6.842851638793945,0.0,InverseCancellation,15.677928924560547,25,nonexistent solution,no better solution found,True,True,261,174,,"Intel64 Family 6 Model 181 Stepping 0, GenuineIntel",Windows-10-10.0.26100-SP0,3.11.9,2.5.2,6,7,42,20,42
random_regular,57,3,4,38,0.9047619047619048,19,0,3,1,98.19415179999851,21,19,True,True,2,31.805700000404613,16.57700538635254,0.0,17.201900482177734,0.521196055617127,0.0,11.502742767333984,5.074262619018555,0.0,SabreLayout,11.502742767333984,25,nonexistent solution,no better solution found,True,True,261,174,,"Intel64 Family 6 Model 181 Stepping 0, GenuineIntel",Windows-10-10.0.26100-SP0,3.11.9,2.5.2,6,7,42,20,42
random_regular,57,3,4,38,0.9047619047619048,19,1,3,0,98.42573379999885,21,19,True,True,2,19.77140000235522,4.369258880615234,0.0,21.1641788482666,0.22098884652046677,0.0,4.369258880615234,0.0,0.0,InverseCancellation,15.539407730102539,25,nonexistent solution,no better solution found,True,True,267,205,,"Intel64 Family 6 Model 181 Stepping 0, GenuineIntel",Windows-10-10.0.26100-SP0,3.11.9,2.5.2,6,7,42,20,42
random_regular,57,3,4,38,0.9047619047619048,19,1,3,1,98.44895209999959,21,19,True,True,2,20.688300002802862,11.490821838378906,0.0,17.017126083374023,0.5554261025227846,0.0,11.490821838378906,0.0,0.0,SabreLayout,11.490821838378906,25,nonexistent solution,no better solution found,True,True,267,205,,"Intel64 Family 6 Model 181 Stepping 0, GenuineIntel",Windows-10-10.0.26100-SP0,3.11.9,2.5.2,6,7,42,20,42
random_regular,57,3,4,38,0.9047619047619048,19,2,3,0,98.67326319999847,21,19,True,True,2,20.262400001229253,2.546548843383789,0.0,16.332626342773438,0.12567853972033413,0.0,2.546548843383789,0.0,0.0,ConsolidateBlocks,13.786077499389648,25,nonexistent solution,no better solution found,True,True,300,186,,"Intel64 Family 6 Model 181 Stepping 0, GenuineIntel",Windows-10-10.0.26100-SP0,3.11.9,2.5.2,6,7,42,20,42
random_regular,57,3,4,38,0.9047619047619048,19,2,3,1,98.69713809999666,21,19,True,True,2,21.423400001367554,10.155677795410156,0.0,16.453981399536133,0.47404603353164637,0.0,10.155677795410156,0.0,0.0,SabreLayout,10.155677795410156,25,nonexistent solution,no better solution found,True,True,300,186,,"Intel64 Family 6 Model 181 Stepping 0, GenuineIntel",Windows-10-10.0.26100-SP0,3.11.9,2.5.2,6,7,42,20,42
ghz_star,37,37,4,38,0.9047619047619048,19,0,3,0,98.86783269999796,21,19,True,True,2,27.978300000540912,15.103816986083984,0.0,24.954795837402344,0.5398404115257889,0.0,0.0,15.103816986083984,0.0,VF2PostLayout,15.103816986083984,26,nonexistent solution,no better solution found,True,True,174,547,,"Intel64 Family 6 Model 181 Stepping 0, GenuineIntel",Windows-10-10.0.26100-SP0,3.11.9,2.5.2,6,7,42,20,42
ghz_star,37,37,4,38,0.9047619047619048,19,0,3,1,98.8983167999977,21,19,True,True,2,28.038699998433003,16.690492630004883,0.0,16.690492630004883,0.5952662794971829,0.0,0.0,16.690492630004883,0.0,VF2PostLayout,16.690492630004883,26,nonexistent solution,no better solution found,True,True,174,547,,"Intel64 Family 6 Model 181 Stepping 0, GenuineIntel",Windows-10-10.0.26100-SP0,3.11.9,2.5.2,6,7,42,20,42
ghz_star,37,37,4,38,0.9047619047619048,19,1,3,0,99.06963669999823,21,19,True,True,2,26.49079999901005,15.343666076660156,0.0,15.343666076660156,0.5792073503719609,0.0,0.0,15.343666076660156,0.0,VF2PostLayout,15.343666076660156,26,nonexistent solution,no better solution found,True,True,174,547,,"Intel64 Family 6 Model 181 Stepping 0, GenuineIntel",Windows-10-10.0.26100-SP0,3.11.9,2.5.2,6,7,42,20,42
ghz_star,37,37,4,38,0.9047619047619048,19,1,3,1,99.09849589999794,21,19,True,True,2,26.77910000056727,16.77417755126953,0.0,16.77417755126953,0.6263906386291622,0.0,0.0,16.77417755126953,0.0,VF2PostLayout,16.77417755126953,26,nonexistent solution,no better solution found,True,True,174,547,,"Intel64 Family 6 Model 181 Stepping 0, GenuineIntel",Windows-10-10.0.26100-SP0,3.11.9,2.5.2,6,7,42,20,42
ghz_star,37,37,4,38,0.9047619047619048,19,2,3,0,99.27625629999966,21,19,True,True,2,26.21519999956945,0.0,0.0,16.28255844116211,0.0,0.0,0.0,0.0,0.0,RemoveIdentityEquivalent,13.541221618652344,26,nonexistent solution,no better solution found,True,True,174,547,,"Intel64 Family 6 Model 181 Stepping 0, GenuineIntel",Windows-10-10.0.26100-SP0,3.11.9,2.5.2,6,7,42,20,42
ghz_star,37,37,4,38,0.9047619047619048,19,2,3,1,99.30486949999977,21,19,True,True,2,27.767599996877834,16.787052154541016,0.0,31.737327575683594,0.6045553867251234,0.0,0.0,16.787052154541016,0.0,VF2PostLayout,16.787052154541016,26,nonexistent solution,no better solution found,True,True,174,547,,"Intel64 Family 6 Model 181 Stepping 0, GenuineIntel",Windows-10-10.0.26100-SP0,3.11.9,2.5.2,6,7,42,20,42
