Axis,Qubits,Grid_Rows,Grid_Cols,Grid_Qubits,Spare_Qubits,Arm,Seed,Reps,Status,Time_min_s,Time_median_s,Time_max_s,Final_2Q_Gates,Final_Depth,Coupling_Violations,Platform,Python,Qiskit,StartMethod,CPU
C,38,6,7,42,4,qiskit_opt2,1,2,success,0.01131100000020524,0.03920945000027132,0.0671079000003374,57,16,0,Windows-10-10.0.26100-SP0,3.11.9,2.5.2,spawn,"Intel64 Family 6 Model 181 Stepping 0, GenuineIntel"
C,38,6,7,42,4,qiskit_opt2,2,2,success,0.01179029999912018,0.035839950000081444,0.05988960000104271,57,16,0,Windows-10-10.0.26100-SP0,3.11.9,2.5.2,spawn,"Intel64 Family 6 Model 181 Stepping 0, GenuineIntel"
C,38,6,7,42,4,qiskit_opt3,1,2,success,0.023682600000029197,0.05043214999932388,0.07718169999861857,57,16,0,Windows-10-10.0.26100-SP0,3.11.9,2.5.2,spawn,"Intel64 Family 6 Model 181 Stepping 0, GenuineIntel"
C,38,6,7,42,4,qiskit_opt3,2,2,success,0.023093300000255113,0.048913599999650614,0.07473389999904612,57,16,0,Windows-10-10.0.26100-SP0,3.11.9,2.5.2,spawn,"Intel64 Family 6 Model 181 Stepping 0, GenuineIntel"
C,42,6,7,42,0,qiskit_opt2,1,2,success,0.5489780999996583,0.5755585499991867,0.602138999998715,63,16,0,Windows-10-10.0.26100-SP0,3.11.9,2.5.2,spawn,"Intel64 Family 6 Model 181 Stepping 0, GenuineIntel"
C,42,6,7,42,0,qiskit_opt2,2,2,success,0.5502505000004021,0.580300650000936,0.6103508000014699,63,16,0,Windows-10-10.0.26100-SP0,3.11.9,2.5.2,spawn,"Intel64 Family 6 Model 181 Stepping 0, GenuineIntel"
C,42,6,7,42,0,qiskit_opt3,1,2,success,6.434967099999994,6.494235000000117,6.55350290000024,63,16,0,Windows-10-10.0.26100-SP0,3.11.9,2.5.2,spawn,"Intel64 Family 6 Model 181 Stepping 0, GenuineIntel"
C,42,6,7,42,0,qiskit_opt3,2,2,success,9.01529660000051,15.119181550000576,21.22306650000064,63,16,0,Windows-10-10.0.26100-SP0,3.11.9,2.5.2,spawn,"Intel64 Family 6 Model 181 Stepping 0, GenuineIntel"
C,50,7,8,56,6,qiskit_opt2,1,2,success,0.012111100000765873,0.013118650000251364,0.014126199999736855,75,16,0,Windows-10-10.0.26100-SP0,3.11.9,2.5.2,spawn,"Intel64 Family 6 Model 181 Stepping 0, GenuineIntel"
C,50,7,8,56,6,qiskit_opt2,2,2,success,0.013100199999826145,0.014720749999469263,0.01634129999911238,75,16,0,Windows-10-10.0.26100-SP0,3.11.9,2.5.2,spawn,"Intel64 Family 6 Model 181 Stepping 0, GenuineIntel"
C,50,7,8,56,6,qiskit_opt3,1,2,success,0.030636399998911656,0.03465700000015204,0.03867760000139242,75,16,0,Windows-10-10.0.26100-SP0,3.11.9,2.5.2,spawn,"Intel64 Family 6 Model 181 Stepping 0, GenuineIntel"
C,50,7,8,56,6,qiskit_opt3,2,2,success,0.027721500000552624,0.029363950000515615,0.031006400000478607,75,16,0,Windows-10-10.0.26100-SP0,3.11.9,2.5.2,spawn,"Intel64 Family 6 Model 181 Stepping 0, GenuineIntel"
C,56,7,8,56,0,qiskit_opt2,1,2,success,0.6354628999997658,0.6391872999993211,0.6429116999988764,84,16,0,Windows-10-10.0.26100-SP0,3.11.9,2.5.2,spawn,"Intel64 Family 6 Model 181 Stepping 0, GenuineIntel"
C,56,7,8,56,0,qiskit_opt2,2,2,success,0.6306225999996968,0.6373389999998835,0.6440554000000702,84,16,0,Windows-10-10.0.26100-SP0,3.11.9,2.5.2,spawn,"Intel64 Family 6 Model 181 Stepping 0, GenuineIntel"
C,56,7,8,56,0,qiskit_opt3,1,2,success,12.242851099999825,15.052897699999448,17.86294429999907,84,16,0,Windows-10-10.0.26100-SP0,3.11.9,2.5.2,spawn,"Intel64 Family 6 Model 181 Stepping 0, GenuineIntel"
C,56,7,8,56,0,qiskit_opt3,2,2,success,7.296277299999929,7.3509194500002195,7.40556160000051,84,16,0,Windows-10-10.0.26100-SP0,3.11.9,2.5.2,spawn,"Intel64 Family 6 Model 181 Stepping 0, GenuineIntel"
C,60,8,8,64,4,qiskit_opt2,1,2,success,0.012171399999715504,0.015635349999683967,0.01909929999965243,90,16,0,Windows-10-10.0.26100-SP0,3.11.9,2.5.2,spawn,"Intel64 Family 6 Model 181 Stepping 0, GenuineIntel"
C,60,8,8,64,4,qiskit_opt2,2,2,success,0.012312200000451412,0.013886449999517936,0.01546069999858446,90,16,0,Windows-10-10.0.26100-SP0,3.11.9,2.5.2,spawn,"Intel64 Family 6 Model 181 Stepping 0, GenuineIntel"
C,60,8,8,64,4,qiskit_opt3,1,2,success,0.02996250000069267,0.03085235000071407,0.031742200000735465,90,16,0,Windows-10-10.0.26100-SP0,3.11.9,2.5.2,spawn,"Intel64 Family 6 Model 181 Stepping 0, GenuineIntel"
C,60,8,8,64,4,qiskit_opt3,2,2,success,0.029538999999203952,0.03340989999924204,0.037280799999280134,90,16,0,Windows-10-10.0.26100-SP0,3.11.9,2.5.2,spawn,"Intel64 Family 6 Model 181 Stepping 0, GenuineIntel"
C,64,8,8,64,0,qiskit_opt2,1,2,success,0.7104234999987966,0.7147693499991874,0.7191151999995782,96,16,0,Windows-10-10.0.26100-SP0,3.11.9,2.5.2,spawn,"Intel64 Family 6 Model 181 Stepping 0, GenuineIntel"
C,64,8,8,64,0,qiskit_opt2,2,2,success,0.7028663000000961,0.7032672000004823,0.7036681000008684,96,16,0,Windows-10-10.0.26100-SP0,3.11.9,2.5.2,spawn,"Intel64 Family 6 Model 181 Stepping 0, GenuineIntel"
C,64,8,8,64,0,qiskit_opt3,1,2,success,8.169087800000852,8.18708400000014,8.20508019999943,96,16,0,Windows-10-10.0.26100-SP0,3.11.9,2.5.2,spawn,"Intel64 Family 6 Model 181 Stepping 0, GenuineIntel"
C,64,8,8,64,0,qiskit_opt3,2,2,success,8.199175699999614,8.21274319999975,8.226310699999885,96,16,0,Windows-10-10.0.26100-SP0,3.11.9,2.5.2,spawn,"Intel64 Family 6 Model 181 Stepping 0, GenuineIntel"
C,66,8,9,72,6,qiskit_opt2,1,2,success,0.01762830000006943,0.020739249999678577,0.023850199999287724,99,16,0,Windows-10-10.0.26100-SP0,3.11.9,2.5.2,spawn,"Intel64 Family 6 Model 181 Stepping 0, GenuineIntel"
C,66,8,9,72,6,qiskit_opt2,2,2,success,0.014036599999599275,0.016016249999665888,0.0179958999997325,99,16,0,Windows-10-10.0.26100-SP0,3.11.9,2.5.2,spawn,"Intel64 Family 6 Model 181 Stepping 0, GenuineIntel"
C,66,8,9,72,6,qiskit_opt3,1,2,success,0.034831900000426685,0.03546755000024859,0.0361032000000705,99,16,0,Windows-10-10.0.26100-SP0,3.11.9,2.5.2,spawn,"Intel64 Family 6 Model 181 Stepping 0, GenuineIntel"
C,66,8,9,72,6,qiskit_opt3,2,2,success,0.03783589999875403,0.04015054999945278,0.042465200000151526,99,16,0,Windows-10-10.0.26100-SP0,3.11.9,2.5.2,spawn,"Intel64 Family 6 Model 181 Stepping 0, GenuineIntel"
C,72,8,9,72,0,qiskit_opt2,1,2,success,0.722105200000442,0.7229844500006948,0.7238637000009476,108,16,0,Windows-10-10.0.26100-SP0,3.11.9,2.5.2,spawn,"Intel64 Family 6 Model 181 Stepping 0, GenuineIntel"
C,72,8,9,72,0,qiskit_opt2,2,2,success,0.7179281999997329,0.723033750000468,0.7281393000012031,108,16,0,Windows-10-10.0.26100-SP0,3.11.9,2.5.2,spawn,"Intel64 Family 6 Model 181 Stepping 0, GenuineIntel"
C,72,8,9,72,0,qiskit_opt3,1,2,success,8.28053220000038,8.283848600000965,8.28716500000155,108,16,0,Windows-10-10.0.26100-SP0,3.11.9,2.5.2,spawn,"Intel64 Family 6 Model 181 Stepping 0, GenuineIntel"
C,72,8,9,72,0,qiskit_opt3,2,2,success,8.309241400000246,17.11880849999943,25.928375599998617,114,35,0,Windows-10-10.0.26100-SP0,3.11.9,2.5.2,spawn,"Intel64 Family 6 Model 181 Stepping 0, GenuineIntel"
