Arm,Family,OutputBasis,Group,Qubits,GatesPerPair,Seed,Reps,Status,Time_min_s,Time_median_s,Time_max_s,Time_stdev_s,Peak_RSS_MB,Baseline_RSS_MB,RSS_Delta_MB,RSS_Samples,TraceMalloc_Peak_MB,Gates_total,Gates_2q,Depth,Fallbacks,Equiv_Infidelity,Platform,Python,Qiskit,StartMethod,CPU
qiskit_opt3,Qiskit,rz/sx/x/cx,consolidated,15,20,1,5,success,0.0057401,0.0069711,0.0079376,0.000792239,206.1484375,205.5390625,0.609375,49,0.114178658,196,21,16,,3.77E-15,Windows-10-10.0.26100-SP0,3.11.9,2.5.2,spawn,"Intel64 Family 6 Model 181 Stepping 0, GenuineIntel"
psf_canonical,PSF-Zero,rxx/ryy/rzz + rz/ry,consolidated,15,20,1,5,success,0.0007719,0.0007992,0.000917,6.36E-05,154.3085938,153.8945313,0.4140625,102,0.038798332,105,21,9,,3.33E-15,Windows-10-10.0.26100-SP0,3.11.9,2.5.2,spawn,"Intel64 Family 6 Model 181 Stepping 0, GenuineIntel"
psf_canonical_strict,PSF-Zero,rxx/ryy/rzz + rz/ry,consolidated,15,20,1,5,success,0.0041855,0.0044033,0.0046513,0.000188297,154.5703125,154.1992188,0.37109375,36,0.060700417,105,21,9,,3.33E-15,Windows-10-10.0.26100-SP0,3.11.9,2.5.2,spawn,"Intel64 Family 6 Model 181 Stepping 0, GenuineIntel"
qiskit_opt3,Qiskit,rz/sx/x/cx,consolidated,15,20,2,5,success,0.0052085,0.0063869,0.0069859,0.000827393,206.0429688,205.5625,0.48046875,56,0.119042397,196,21,16,,3.77E-15,Windows-10-10.0.26100-SP0,3.11.9,2.5.2,spawn,"Intel64 Family 6 Model 181 Stepping 0, GenuineIntel"
psf_canonical,PSF-Zero,rxx/ryy/rzz + rz/ry,consolidated,15,20,2,5,success,0.000783,0.0008562,0.0008811,3.89E-05,154.7226563,154.1015625,0.62109375,59,0.036841393,105,21,9,,3.33E-15,Windows-10-10.0.26100-SP0,3.11.9,2.5.2,spawn,"Intel64 Family 6 Model 181 Stepping 0, GenuineIntel"
psf_canonical_strict,PSF-Zero,rxx/ryy/rzz + rz/ry,consolidated,15,20,2,5,success,0.0041467,0.0042401,0.0077019,0.001544876,154.4648438,154.09375,0.37109375,24,0.060765266,105,21,9,,3.33E-15,Windows-10-10.0.26100-SP0,3.11.9,2.5.2,spawn,"Intel64 Family 6 Model 181 Stepping 0, GenuineIntel"
qiskit_opt3,Qiskit,rz/sx/x/cx,consolidated,15,20,3,5,success,0.0052736,0.0056996,0.0066564,0.00061905,207.2460938,206.3125,0.93359375,65,0.114600182,196,21,16,,3.77E-15,Windows-10-10.0.26100-SP0,3.11.9,2.5.2,spawn,"Intel64 Family 6 Model 181 Stepping 0, GenuineIntel"
psf_canonical,PSF-Zero,rxx/ryy/rzz + rz/ry,consolidated,15,20,3,5,success,0.000758,0.0008609,0.000893,5.13E-05,154.75,154.140625,0.609375,90,0.036845207,105,21,9,,3.33E-15,Windows-10-10.0.26100-SP0,3.11.9,2.5.2,spawn,"Intel64 Family 6 Model 181 Stepping 0, GenuineIntel"
psf_canonical_strict,PSF-Zero,rxx/ryy/rzz + rz/ry,consolidated,15,20,3,5,success,0.0041813,0.0043842,0.0049083,0.00027404,154.6171875,154.3085938,0.30859375,22,0.058786392,105,21,9,,3.33E-15,Windows-10-10.0.26100-SP0,3.11.9,2.5.2,spawn,"Intel64 Family 6 Model 181 Stepping 0, GenuineIntel"
qiskit_opt3,Qiskit,rz/sx/x/cx,consolidated,15,20,4,5,success,0.0051348,0.0052271,0.0066398,0.000706378,206.5664063,206.0390625,0.52734375,50,0.114877701,196,21,16,,3.77E-15,Windows-10-10.0.26100-SP0,3.11.9,2.5.2,spawn,"Intel64 Family 6 Model 181 Stepping 0, GenuineIntel"
psf_canonical,PSF-Zero,rxx/ryy/rzz + rz/ry,consolidated,15,20,4,5,success,0.0008418,0.0008676,0.0010034,6.46E-05,154.9296875,154.328125,0.6015625,100,0.036845207,105,21,9,,3.33E-15,Windows-10-10.0.26100-SP0,3.11.9,2.5.2,spawn,"Intel64 Family 6 Model 181 Stepping 0, GenuineIntel"
psf_canonical_strict,PSF-Zero,rxx/ryy/rzz + rz/ry,consolidated,15,20,4,5,success,0.0040734,0.0042462,0.0044878,0.000156792,154.671875,154.34375,0.328125,50,0.058218002,105,21,9,,3.33E-15,Windows-10-10.0.26100-SP0,3.11.9,2.5.2,spawn,"Intel64 Family 6 Model 181 Stepping 0, GenuineIntel"
qiskit_opt3,Qiskit,rz/sx/x/cx,consolidated,15,20,5,5,success,0.0049295,0.0059604,0.0064079,0.000650695,205.2929688,204.6054688,0.6875,55,0.114386559,196,21,16,,3.77E-15,Windows-10-10.0.26100-SP0,3.11.9,2.5.2,spawn,"Intel64 Family 6 Model 181 Stepping 0, GenuineIntel"
psf_canonical,PSF-Zero,rxx/ryy/rzz + rz/ry,consolidated,15,20,5,5,success,0.0007338,0.0008291,0.0009644,8.78E-05,154.6679688,154.0351563,0.6328125,55,0.037722588,105,21,9,,3.33E-15,Windows-10-10.0.26100-SP0,3.11.9,2.5.2,spawn,"Intel64 Family 6 Model 181 Stepping 0, GenuineIntel"
psf_canonical_strict,PSF-Zero,rxx/ryy/rzz + rz/ry,consolidated,15,20,5,5,success,0.0040859,0.0043499,0.0050312,0.000365254,154.7890625,154.4765625,0.3125,21,0.058052063,105,21,9,,3.33E-15,Windows-10-10.0.26100-SP0,3.11.9,2.5.2,spawn,"Intel64 Family 6 Model 181 Stepping 0, GenuineIntel"
qiskit_opt3,Qiskit,rz/sx/x/cx,consolidated,15,20,6,5,success,0.0054871,0.0064598,0.0072065,0.000680626,206.03125,205.3710938,0.66015625,54,0.114472389,196,21,16,,3.77E-15,Windows-10-10.0.26100-SP0,3.11.9,2.5.2,spawn,"Intel64 Family 6 Model 181 Stepping 0, GenuineIntel"
psf_canonical,PSF-Zero,rxx/ryy/rzz + rz/ry,consolidated,15,20,6,5,success,0.0007535,0.0008135,0.0008526,3.80E-05,154.484375,153.7460938,0.73828125,78,0.038737297,105,21,9,,3.33E-15,Windows-10-10.0.26100-SP0,3.11.9,2.5.2,spawn,"Intel64 Family 6 Model 181 Stepping 0, GenuineIntel"
psf_canonical_strict,PSF-Zero,rxx/ryy/rzz + rz/ry,consolidated,15,20,6,5,success,0.004061,0.0042551,0.0043071,9.56E-05,154.8671875,154.4882813,0.37890625,22,0.060870171,105,21,9,,3.33E-15,Windows-10-10.0.26100-SP0,3.11.9,2.5.2,spawn,"Intel64 Family 6 Model 181 Stepping 0, GenuineIntel"
qiskit_opt3,Qiskit,rz/sx/x/cx,consolidated,15,20,7,5,success,0.0052353,0.0062527,0.0067174,0.000711449,206.234375,205.53125,0.703125,66,0.114875793,196,21,16,,3.77E-15,Windows-10-10.0.26100-SP0,3.11.9,2.5.2,spawn,"Intel64 Family 6 Model 181 Stepping 0, GenuineIntel"
psf_canonical,PSF-Zero,rxx/ryy/rzz + rz/ry,consolidated,15,20,7,5,success,0.0007743,0.0008347,0.0009251,5.56E-05,154.4921875,153.8828125,0.609375,58,0.036841393,105,21,9,,3.33E-15,Windows-10-10.0.26100-SP0,3.11.9,2.5.2,spawn,"Intel64 Family 6 Model 181 Stepping 0, GenuineIntel"
psf_canonical_strict,PSF-Zero,rxx/ryy/rzz + rz/ry,consolidated,15,20,7,5,success,0.0041988,0.0048016,0.005718,0.000553339,154.8242188,154.453125,0.37109375,26,0.057806015,105,21,9,,3.33E-15,Windows-10-10.0.26100-SP0,3.11.9,2.5.2,spawn,"Intel64 Family 6 Model 181 Stepping 0, GenuineIntel"
qiskit_opt3,Qiskit,rz/sx/x/cx,consolidated,15,20,8,5,success,0.0051022,0.0062569,0.0066401,0.000729935,206.2929688,205.65625,0.63671875,52,0.114310265,196,21,16,,3.77E-15,Windows-10-10.0.26100-SP0,3.11.9,2.5.2,spawn,"Intel64 Family 6 Model 181 Stepping 0, GenuineIntel"
psf_canonical,PSF-Zero,rxx/ryy/rzz + rz/ry,consolidated,15,20,8,5,success,0.0007539,0.0008568,0.0009073,5.91E-05,155.1679688,154.421875,0.74609375,67,0.036841393,105,21,9,,3.33E-15,Windows-10-10.0.26100-SP0,3.11.9,2.5.2,spawn,"Intel64 Family 6 Model 181 Stepping 0, GenuineIntel"
psf_canonical_strict,PSF-Zero,rxx/ryy/rzz + rz/ry,consolidated,15,20,8,5,success,0.004162,0.0042901,0.0054285,0.000528471,155.0820313,154.6875,0.39453125,17,0.058098793,105,21,9,,3.33E-15,Windows-10-10.0.26100-SP0,3.11.9,2.5.2,spawn,"Intel64 Family 6 Model 181 Stepping 0, GenuineIntel"
qiskit_opt3,Qiskit,rz/sx/x/cx,consolidated,15,20,9,5,success,0.0053022,0.0059908,0.0066574,0.000488339,206.3125,205.7617188,0.55078125,55,0.121099472,196,21,16,,3.77E-15,Windows-10-10.0.26100-SP0,3.11.9,2.5.2,spawn,"Intel64 Family 6 Model 181 Stepping 0, GenuineIntel"
psf_canonical,PSF-Zero,rxx/ryy/rzz + rz/ry,consolidated,15,20,9,5,success,0.000752,0.000842,0.0008686,5.18E-05,154.546875,153.9414063,0.60546875,95,0.036845207,105,21,9,,3.33E-15,Windows-10-10.0.26100-SP0,3.11.9,2.5.2,spawn,"Intel64 Family 6 Model 181 Stepping 0, GenuineIntel"
psf_canonical_strict,PSF-Zero,rxx/ryy/rzz + rz/ry,consolidated,15,20,9,5,success,0.004095,0.0043531,0.0045778,0.000215961,154.4726563,154.1484375,0.32421875,15,0.058207512,105,21,9,,3.33E-15,Windows-10-10.0.26100-SP0,3.11.9,2.5.2,spawn,"Intel64 Family 6 Model 181 Stepping 0, GenuineIntel"
qiskit_opt3,Qiskit,rz/sx/x/cx,consolidated,15,20,10,5,success,0.0048811,0.0059659,0.0066712,0.000753256,206.171875,205.6367188,0.53515625,49,0.114522934,196,21,16,,3.77E-15,Windows-10-10.0.26100-SP0,3.11.9,2.5.2,spawn,"Intel64 Family 6 Model 181 Stepping 0, GenuineIntel"
psf_canonical,PSF-Zero,rxx/ryy/rzz + rz/ry,consolidated,15,20,10,5,success,0.000747,0.0007561,0.0008422,4.18E-05,154.921875,154.203125,0.71875,56,0.03856945,105,21,9,,3.33E-15,Windows-10-10.0.26100-SP0,3.11.9,2.5.2,spawn,"Intel64 Family 6 Model 181 Stepping 0, GenuineIntel"
psf_canonical_strict,PSF-Zero,rxx/ryy/rzz + rz/ry,consolidated,15,20,10,5,success,0.0040407,0.0042318,0.0042603,8.83E-05,154.671875,154.3632813,0.30859375,14,0.058068275,105,21,9,,3.33E-15,Windows-10-10.0.26100-SP0,3.11.9,2.5.2,spawn,"Intel64 Family 6 Model 181 Stepping 0, GenuineIntel"
qiskit_opt3,Qiskit,rz/sx/x/cx,consolidated,50,20,1,5,success,0.0093769,0.0095462,0.0125692,0.00136363,222.8125,220.484375,2.328125,41,0.114795685,700,75,16,,3.77E-15,Windows-10-10.0.26100-SP0,3.11.9,2.5.2,spawn,"Intel64 Family 6 Model 181 Stepping 0, GenuineIntel"
psf_canonical,PSF-Zero,rxx/ryy/rzz + rz/ry,consolidated,50,20,1,5,success,0.0023248,0.0024147,0.0026378,0.000122952,156.0117188,155.4335938,0.578125,44,0.13257885,375,75,9,,3.33E-15,Windows-10-10.0.26100-SP0,3.11.9,2.5.2,spawn,"Intel64 Family 6 Model 181 Stepping 0, GenuineIntel"
psf_canonical_strict,PSF-Zero,rxx/ryy/rzz + rz/ry,consolidated,50,20,1,5,success,0.0144986,0.0146967,0.0153349,0.000342908,156.4453125,156.171875,0.2734375,13,0.132231712,375,75,9,,3.33E-15,Windows-10-10.0.26100-SP0,3.11.9,2.5.2,spawn,"Intel64 Family 6 Model 181 Stepping 0, GenuineIntel"
qiskit_opt3,Qiskit,rz/sx/x/cx,consolidated,50,20,2,5,success,0.0094735,0.0095275,0.0105096,0.000450455,224.7148438,221.2617188,3.453125,48,0.116662025,700,75,16,,3.77E-15,Windows-10-10.0.26100-SP0,3.11.9,2.5.2,spawn,"Intel64 Family 6 Model 181 Stepping 0, GenuineIntel"
psf_canonical,PSF-Zero,rxx/ryy/rzz + rz/ry,consolidated,50,20,2,5,success,0.002303,0.002357,0.0024664,6.12E-05,156.359375,155.4765625,0.8828125,75,0.133143425,375,75,9,,3.33E-15,Windows-10-10.0.26100-SP0,3.11.9,2.5.2,spawn,"Intel64 Family 6 Model 181 Stepping 0, GenuineIntel"
psf_canonical_strict,PSF-Zero,rxx/ryy/rzz + rz/ry,consolidated,50,20,2,5,success,0.0142669,0.0144256,0.0145907,0.000141062,156.2929688,156.03125,0.26171875,8,0.156562805,375,75,9,,3.33E-15,Windows-10-10.0.26100-SP0,3.11.9,2.5.2,spawn,"Intel64 Family 6 Model 181 Stepping 0, GenuineIntel"
qiskit_opt3,Qiskit,rz/sx/x/cx,consolidated,50,20,3,5,success,0.0092742,0.0096882,0.0098017,0.000247228,226.0117188,224.3984375,1.61328125,46,0.117003441,700,75,16,,3.77E-15,Windows-10-10.0.26100-SP0,3.11.9,2.5.2,spawn,"Intel64 Family 6 Model 181 Stepping 0, GenuineIntel"
psf_canonical,PSF-Zero,rxx/ryy/rzz + rz/ry,consolidated,50,20,3,5,success,0.0023471,0.0024548,0.0026098,0.000101173,156.484375,155.8789063,0.60546875,61,0.13257885,375,75,9,,3.33E-15,Windows-10-10.0.26100-SP0,3.11.9,2.5.2,spawn,"Intel64 Family 6 Model 181 Stepping 0, GenuineIntel"
psf_canonical_strict,PSF-Zero,rxx/ryy/rzz + rz/ry,consolidated,50,20,3,5,success,0.0141164,0.0147985,0.0178486,0.001490504,156.46875,156.1679688,0.30078125,33,0.132235527,375,75,9,,3.33E-15,Windows-10-10.0.26100-SP0,3.11.9,2.5.2,spawn,"Intel64 Family 6 Model 181 Stepping 0, GenuineIntel"
qiskit_opt3,Qiskit,rz/sx/x/cx,consolidated,50,20,4,5,success,0.0097809,0.0104727,0.0110053,0.000538977,221.390625,219.8515625,1.5390625,48,0.118503571,700,75,16,,3.77E-15,Windows-10-10.0.26100-SP0,3.11.9,2.5.2,spawn,"Intel64 Family 6 Model 181 Stepping 0, GenuineIntel"
psf_canonical,PSF-Zero,rxx/ryy/rzz + rz/ry,consolidated,50,20,4,5,success,0.0023402,0.0024538,0.0025633,8.58E-05,156.8515625,156.0429688,0.80859375,70,0.13309288,375,75,9,,3.33E-15,Windows-10-10.0.26100-SP0,3.11.9,2.5.2,spawn,"Intel64 Family 6 Model 181 Stepping 0, GenuineIntel"
psf_canonical_strict,PSF-Zero,rxx/ryy/rzz + rz/ry,consolidated,50,20,4,5,success,0.0144068,0.0145795,0.0146687,0.000103432,156.3476563,156.0859375,0.26171875,11,0.132235527,375,75,9,,3.33E-15,Windows-10-10.0.26100-SP0,3.11.9,2.5.2,spawn,"Intel64 Family 6 Model 181 Stepping 0, GenuineIntel"
qiskit_opt3,Qiskit,rz/sx/x/cx,consolidated,50,20,5,5,success,0.0091999,0.009422,0.0113629,0.000907988,227.25,223.5117188,3.73828125,48,0.114883423,700,75,16,,3.77E-15,Windows-10-10.0.26100-SP0,3.11.9,2.5.2,spawn,"Intel64 Family 6 Model 181 Stepping 0, GenuineIntel"
psf_canonical,PSF-Zero,rxx/ryy/rzz + rz/ry,consolidated,50,20,5,5,success,0.002289,0.0024189,0.0025337,9.69E-05,156.5078125,155.7109375,0.796875,76,0.133143425,375,75,9,,3.33E-15,Windows-10-10.0.26100-SP0,3.11.9,2.5.2,spawn,"Intel64 Family 6 Model 181 Stepping 0, GenuineIntel"
psf_canonical_strict,PSF-Zero,rxx/ryy/rzz + rz/ry,consolidated,50,20,5,5,success,0.0139946,0.0141852,0.0143061,0.000115922,156.3398438,156.0390625,0.30078125,11,0.132235527,375,75,9,,3.33E-15,Windows-10-10.0.26100-SP0,3.11.9,2.5.2,spawn,"Intel64 Family 6 Model 181 Stepping 0, GenuineIntel"
qiskit_opt3,Qiskit,rz/sx/x/cx,consolidated,50,20,6,5,success,0.0092387,0.0099365,0.0103158,0.00040868,225.4414063,223.265625,2.17578125,48,0.113089561,700,75,16,,3.77E-15,Windows-10-10.0.26100-SP0,3.11.9,2.5.2,spawn,"Intel64 Family 6 Model 181 Stepping 0, GenuineIntel"
psf_canonical,PSF-Zero,rxx/ryy/rzz + rz/ry,consolidated,50,20,6,5,success,0.0022665,0.002372,0.0024117,5.52E-05,156.6171875,155.8164063,0.80078125,74,0.133143425,375,75,9,,3.33E-15,Windows-10-10.0.26100-SP0,3.11.9,2.5.2,spawn,"Intel64 Family 6 Model 181 Stepping 0, GenuineIntel"
psf_canonical_strict,PSF-Zero,rxx/ryy/rzz + rz/ry,consolidated,50,20,6,5,success,0.0142541,0.0147122,0.0202589,0.002985522,156.734375,156.4609375,0.2734375,13,0.146787643,375,75,9,,3.33E-15,Windows-10-10.0.26100-SP0,3.11.9,2.5.2,spawn,"Intel64 Family 6 Model 181 Stepping 0, GenuineIntel"
qiskit_opt3,Qiskit,rz/sx/x/cx,consolidated,50,20,7,5,success,0.0090276,0.0095147,0.0117664,0.0010843,223.2539063,220.8242188,2.4296875,48,0.114871025,700,75,16,,3.77E-15,Windows-10-10.0.26100-SP0,3.11.9,2.5.2,spawn,"Intel64 Family 6 Model 181 Stepping 0, GenuineIntel"
psf_canonical,PSF-Zero,rxx/ryy/rzz + rz/ry,consolidated,50,20,7,5,success,0.0022981,0.0023366,0.0025705,0.000111518,156.3085938,155.4101563,0.8984375,58,0.133143425,375,75,9,,3.33E-15,Windows-10-10.0.26100-SP0,3.11.9,2.5.2,spawn,"Intel64 Family 6 Model 181 Stepping 0, GenuineIntel"
psf_canonical_strict,PSF-Zero,rxx/ryy/rzz + rz/ry,consolidated,50,20,7,5,success,0.0143764,0.0144588,0.014628,9.51E-05,156.5117188,156.2382813,0.2734375,10,0.132235527,375,75,9,,3.33E-15,Windows-10-10.0.26100-SP0,3.11.9,2.5.2,spawn,"Intel64 Family 6 Model 181 Stepping 0, GenuineIntel"
qiskit_opt3,Qiskit,rz/sx/x/cx,consolidated,50,20,8,5,success,0.0092562,0.0099749,0.0120802,0.00110909,225.4453125,222.4375,3.0078125,40,0.118157387,700,75,16,,3.77E-15,Windows-10-10.0.26100-SP0,3.11.9,2.5.2,spawn,"Intel64 Family 6 Model 181 Stepping 0, GenuineIntel"
psf_canonical,PSF-Zero,rxx/ryy/rzz + rz/ry,consolidated,50,20,8,5,success,0.0022425,0.0023065,0.0023468,4.16E-05,157.1054688,156.1289063,0.9765625,81,0.133143425,375,75,9,,3.33E-15,Windows-10-10.0.26100-SP0,3.11.9,2.5.2,spawn,"Intel64 Family 6 Model 181 Stepping 0, GenuineIntel"
psf_canonical_strict,PSF-Zero,rxx/ryy/rzz + rz/ry,consolidated,50,20,8,5,success,0.0142122,0.0151816,0.0188096,0.001845399,156.1835938,155.921875,0.26171875,80,0.156873703,375,75,9,,3.33E-15,Windows-10-10.0.26100-SP0,3.11.9,2.5.2,spawn,"Intel64 Family 6 Model 181 Stepping 0, GenuineIntel"
qiskit_opt3,Qiskit,rz/sx/x/cx,consolidated,50,20,9,5,success,0.0097267,0.0102063,0.011219,0.000560693,228.1875,223.8203125,4.3671875,41,0.116676331,700,75,16,,3.77E-15,Windows-10-10.0.26100-SP0,3.11.9,2.5.2,spawn,"Intel64 Family 6 Model 181 Stepping 0, GenuineIntel"
psf_canonical,PSF-Zero,rxx/ryy/rzz + rz/ry,consolidated,50,20,9,5,success,0.0023519,0.0024635,0.003252,0.000364567,156.265625,155.5703125,0.6953125,87,0.13257885,375,75,9,,3.33E-15,Windows-10-10.0.26100-SP0,3.11.9,2.5.2,spawn,"Intel64 Family 6 Model 181 Stepping 0, GenuineIntel"
psf_canonical_strict,PSF-Zero,rxx/ryy/rzz + rz/ry,consolidated,50,20,9,5,success,0.014604,0.014822,0.0151327,0.000197136,156.3554688,156.0546875,0.30078125,28,0.132235527,375,75,9,,3.33E-15,Windows-10-10.0.26100-SP0,3.11.9,2.5.2,spawn,"Intel64 Family 6 Model 181 Stepping 0, GenuineIntel"
qiskit_opt3,Qiskit,rz/sx/x/cx,consolidated,50,20,10,5,success,0.0102092,0.0114569,0.0160131,0.00251316,221.90625,220.5546875,1.3515625,43,0.113775253,700,75,16,,3.77E-15,Windows-10-10.0.26100-SP0,3.11.9,2.5.2,spawn,"Intel64 Family 6 Model 181 Stepping 0, GenuineIntel"
psf_canonical,PSF-Zero,rxx/ryy/rzz + rz/ry,consolidated,50,20,10,5,success,0.002372,0.0024621,0.0028041,0.000173463,156.609375,155.8867188,0.72265625,85,0.131281853,375,75,9,,3.33E-15,Windows-10-10.0.26100-SP0,3.11.9,2.5.2,spawn,"Intel64 Family 6 Model 181 Stepping 0, GenuineIntel"
psf_canonical_strict,PSF-Zero,rxx/ryy/rzz + rz/ry,consolidated,50,20,10,5,success,0.0147665,0.015364,0.0160486,0.000460551,156.1445313,155.8710938,0.2734375,50,0.132231712,375,75,9,,3.33E-15,Windows-10-10.0.26100-SP0,3.11.9,2.5.2,spawn,"Intel64 Family 6 Model 181 Stepping 0, GenuineIntel"
qiskit_opt3,Qiskit,rz/sx/x/cx,consolidated,100,20,1,5,success,0.0150085,0.015274,0.0163719,0.000618475,235.9179688,231.1445313,4.7734375,46,0.124542236,1400,150,16,,3.77E-15,Windows-10-10.0.26100-SP0,3.11.9,2.5.2,spawn,"Intel64 Family 6 Model 181 Stepping 0, GenuineIntel"
psf_canonical,PSF-Zero,rxx/ryy/rzz + rz/ry,consolidated,100,20,1,5,success,0.0044569,0.0046818,0.0056899,0.000510542,159.3242188,157.8164063,1.5078125,67,0.260508537,750,150,9,,3.33E-15,Windows-10-10.0.26100-SP0,3.11.9,2.5.2,spawn,"Intel64 Family 6 Model 181 Stepping 0, GenuineIntel"
psf_canonical_strict,PSF-Zero,rxx/ryy/rzz + rz/ry,consolidated,100,20,1,5,success,0.0297436,0.0310712,0.0336185,0.001417519,158.875,158.015625,0.859375,21,0.268168449,750,150,9,,3.33E-15,Windows-10-10.0.26100-SP0,3.11.9,2.5.2,spawn,"Intel64 Family 6 Model 181 Stepping 0, GenuineIntel"
qiskit_opt3,Qiskit,rz/sx/x/cx,consolidated,100,20,2,5,success,0.0164628,0.0167686,0.0177577,0.000590907,236.2148438,233.4101563,2.8046875,40,0.118495941,1400,150,16,,3.77E-15,Windows-10-10.0.26100-SP0,3.11.9,2.5.2,spawn,"Intel64 Family 6 Model 181 Stepping 0, GenuineIntel"
psf_canonical,PSF-Zero,rxx/ryy/rzz + rz/ry,consolidated,100,20,2,5,success,0.0046336,0.004858,0.0051821,0.00022874,159.2421875,157.8125,1.4296875,69,0.257655144,750,150,9,,3.33E-15,Windows-10-10.0.26100-SP0,3.11.9,2.5.2,spawn,"Intel64 Family 6 Model 181 Stepping 0, GenuineIntel"
psf_canonical_strict,PSF-Zero,rxx/ryy/rzz + rz/ry,consolidated,100,20,2,5,success,0.028395,0.0296894,0.0379743,0.003847957,159.2773438,158.421875,0.85546875,10,0.268164635,750,150,9,,3.33E-15,Windows-10-10.0.26100-SP0,3.11.9,2.5.2,spawn,"Intel64 Family 6 Model 181 Stepping 0, GenuineIntel"
qiskit_opt3,Qiskit,rz/sx/x/cx,consolidated,100,20,3,5,success,0.0149155,0.0153199,0.0163401,0.000556261,237.4609375,235.0273438,2.43359375,40,0.118712425,1400,150,16,,3.77E-15,Windows-10-10.0.26100-SP0,3.11.9,2.5.2,spawn,"Intel64 Family 6 Model 181 Stepping 0, GenuineIntel"
psf_canonical,PSF-Zero,rxx/ryy/rzz + rz/ry,consolidated,100,20,3,5,success,0.0044851,0.0048873,0.0053867,0.000402451,159.5507813,158.0625,1.48828125,72,0.259840012,750,150,9,,3.33E-15,Windows-10-10.0.26100-SP0,3.11.9,2.5.2,spawn,"Intel64 Family 6 Model 181 Stepping 0, GenuineIntel"
psf_canonical_strict,PSF-Zero,rxx/ryy/rzz + rz/ry,consolidated,100,20,3,5,success,0.0301956,0.0311755,0.035491,0.002102891,158.7851563,157.8828125,0.90234375,18,0.2665205,750,150,9,,3.33E-15,Windows-10-10.0.26100-SP0,3.11.9,2.5.2,spawn,"Intel64 Family 6 Model 181 Stepping 0, GenuineIntel"
qiskit_opt3,Qiskit,rz/sx/x/cx,consolidated,100,20,4,5,success,0.0145134,0.0153961,0.0171622,0.000995131,234.8125,230.8007813,4.01171875,41,0.118802071,1400,150,16,,3.77E-15,Windows-10-10.0.26100-SP0,3.11.9,2.5.2,spawn,"Intel64 Family 6 Model 181 Stepping 0, GenuineIntel"
psf_canonical,PSF-Zero,rxx/ryy/rzz + rz/ry,consolidated,100,20,4,5,success,0.0045388,0.004862,0.0051135,0.000245072,159.4492188,157.9257813,1.5234375,71,0.259886742,750,150,9,,3.33E-15,Windows-10-10.0.26100-SP0,3.11.9,2.5.2,spawn,"Intel64 Family 6 Model 181 Stepping 0, GenuineIntel"
psf_canonical_strict,PSF-Zero,rxx/ryy/rzz + rz/ry,consolidated,100,20,4,5,success,0.0314075,0.0360969,0.0386618,0.003354242,158.8671875,157.9570313,0.91015625,42,0.2665205,750,150,9,,3.33E-15,Windows-10-10.0.26100-SP0,3.11.9,2.5.2,spawn,"Intel64 Family 6 Model 181 Stepping 0, GenuineIntel"
qiskit_opt3,Qiskit,rz/sx/x/cx,consolidated,100,20,5,5,success,0.0153564,0.0163539,0.0170918,0.000709938,237.6210938,234.2460938,3.375,42,0.119740486,1400,150,16,,3.77E-15,Windows-10-10.0.26100-SP0,3.11.9,2.5.2,spawn,"Intel64 Family 6 Model 181 Stepping 0, GenuineIntel"
psf_canonical,PSF-Zero,rxx/ryy/rzz + rz/ry,consolidated,100,20,5,5,success,0.0047236,0.0049875,0.0051609,0.000158862,159.0039063,157.65625,1.34765625,70,0.260508537,750,150,9,,3.33E-15,Windows-10-10.0.26100-SP0,3.11.9,2.5.2,spawn,"Intel64 Family 6 Model 181 Stepping 0, GenuineIntel"
psf_canonical_strict,PSF-Zero,rxx/ryy/rzz + rz/ry,consolidated,100,20,5,5,success,0.0314045,0.0323569,0.0332547,0.000769536,159.1601563,158.3164063,0.84375,11,0.268168449,750,150,9,,3.33E-15,Windows-10-10.0.26100-SP0,3.11.9,2.5.2,spawn,"Intel64 Family 6 Model 181 Stepping 0, GenuineIntel"
qiskit_opt3,Qiskit,rz/sx/x/cx,consolidated,100,20,6,5,success,0.0156381,0.0157529,0.0178459,0.000929129,235.4140625,231.4257813,3.98828125,44,0.119031906,1400,150,16,,3.77E-15,Windows-10-10.0.26100-SP0,3.11.9,2.5.2,spawn,"Intel64 Family 6 Model 181 Stepping 0, GenuineIntel"
psf_canonical,PSF-Zero,rxx/ryy/rzz + rz/ry,consolidated,100,20,6,5,success,0.0043954,0.0049612,0.0062925,0.000760347,159.671875,158.2070313,1.46484375,72,0.260447502,750,150,9,,3.33E-15,Windows-10-10.0.26100-SP0,3.11.9,2.5.2,spawn,"Intel64 Family 6 Model 181 Stepping 0, GenuineIntel"
psf_canonical_strict,PSF-Zero,rxx/ryy/rzz + rz/ry,consolidated,100,20,6,5,success,0.031809,0.0360443,0.0401948,0.003099672,159.078125,158.2695313,0.80859375,48,0.268168449,750,150,9,,3.33E-15,Windows-10-10.0.26100-SP0,3.11.9,2.5.2,spawn,"Intel64 Family 6 Model 181 Stepping 0, GenuineIntel"
qiskit_opt3,Qiskit,rz/sx/x/cx,consolidated,100,20,7,5,success,0.0153654,0.0155696,0.0182953,0.001234711,236.8476563,233.8945313,2.953125,43,0.119702339,1400,150,16,,3.77E-15,Windows-10-10.0.26100-SP0,3.11.9,2.5.2,spawn,"Intel64 Family 6 Model 181 Stepping 0, GenuineIntel"
psf_canonical,PSF-Zero,rxx/ryy/rzz + rz/ry,consolidated,100,20,7,5,success,0.004579,0.0049146,0.0060965,0.000730106,159.4101563,157.9921875,1.41796875,59,0.256983757,750,150,9,,3.33E-15,Windows-10-10.0.26100-SP0,3.11.9,2.5.2,spawn,"Intel64 Family 6 Model 181 Stepping 0, GenuineIntel"
psf_canonical_strict,PSF-Zero,rxx/ryy/rzz + rz/ry,consolidated,100,20,7,5,success,0.031164,0.0322733,0.0370638,0.002418111,159.0351563,158.140625,0.89453125,35,0.266516685,750,150,9,,3.33E-15,Windows-10-10.0.26100-SP0,3.11.9,2.5.2,spawn,"Intel64 Family 6 Model 181 Stepping 0, GenuineIntel"
qiskit_opt3,Qiskit,rz/sx/x/cx,consolidated,100,20,8,5,success,0.0151259,0.015623,0.0165861,0.000667941,232.7382813,231.5429688,1.1953125,12,0.118990898,1400,150,16,,3.77E-15,Windows-10-10.0.26100-SP0,3.11.9,2.5.2,spawn,"Intel64 Family 6 Model 181 Stepping 0, GenuineIntel"
psf_canonical,PSF-Zero,rxx/ryy/rzz + rz/ry,consolidated,100,20,8,5,success,0.0045457,0.0050243,0.0062928,0.000821541,159.4023438,157.8828125,1.51953125,68,0.257655144,750,150,9,,3.33E-15,Windows-10-10.0.26100-SP0,3.11.9,2.5.2,spawn,"Intel64 Family 6 Model 181 Stepping 0, GenuineIntel"
psf_canonical_strict,PSF-Zero,rxx/ryy/rzz + rz/ry,consolidated,100,20,8,5,success,0.0301736,0.0323677,0.0338283,0.001406863,159.0273438,158.21875,0.80859375,11,0.266516685,750,150,9,,3.33E-15,Windows-10-10.0.26100-SP0,3.11.9,2.5.2,spawn,"Intel64 Family 6 Model 181 Stepping 0, GenuineIntel"
qiskit_opt3,Qiskit,rz/sx/x/cx,consolidated,100,20,9,5,success,0.0156284,0.016088,0.016589,0.00045095,234.5273438,232.5078125,2.01953125,43,0.119398117,1400,150,16,,3.77E-15,Windows-10-10.0.26100-SP0,3.11.9,2.5.2,spawn,"Intel64 Family 6 Model 181 Stepping 0, GenuineIntel"
psf_canonical,PSF-Zero,rxx/ryy/rzz + rz/ry,consolidated,100,20,9,5,success,0.0057676,0.0058353,0.0062957,0.000232037,159.28125,157.7890625,1.4921875,65,0.260508537,750,150,9,,3.33E-15,Windows-10-10.0.26100-SP0,3.11.9,2.5.2,spawn,"Intel64 Family 6 Model 181 Stepping 0, GenuineIntel"
psf_canonical_strict,PSF-Zero,rxx/ryy/rzz + rz/ry,consolidated,100,20,9,5,success,0.0361349,0.0386089,0.0406392,0.001773759,159.1367188,158.328125,0.80859375,18,0.268168449,750,150,9,,3.33E-15,Windows-10-10.0.26100-SP0,3.11.9,2.5.2,spawn,"Intel64 Family 6 Model 181 Stepping 0, GenuineIntel"
qiskit_opt3,Qiskit,rz/sx/x/cx,consolidated,100,20,10,5,success,0.0165256,0.0169302,0.0174298,0.000398082,237.0703125,234.4492188,2.62109375,33,0.121589661,1400,150,16,,3.77E-15,Windows-10-10.0.26100-SP0,3.11.9,2.5.2,spawn,"Intel64 Family 6 Model 181 Stepping 0, GenuineIntel"
psf_canonical,PSF-Zero,rxx/ryy/rzz + rz/ry,consolidated,100,20,10,5,success,0.0051294,0.0054569,0.0076911,0.001228388,159.5273438,158.0546875,1.47265625,58,0.260508537,750,150,9,,3.33E-15,Windows-10-10.0.26100-SP0,3.11.9,2.5.2,spawn,"Intel64 Family 6 Model 181 Stepping 0, GenuineIntel"
psf_canonical_strict,PSF-Zero,rxx/ryy/rzz + rz/ry,consolidated,100,20,10,5,success,0.0346453,0.03513,0.0370959,0.001002518,159.0351563,158.2304688,0.8046875,20,0.268168449,750,150,9,,3.33E-15,Windows-10-10.0.26100-SP0,3.11.9,2.5.2,spawn,"Intel64 Family 6 Model 181 Stepping 0, GenuineIntel"
qiskit_opt3,Qiskit,rz/sx/x/cx,consolidated,156,20,1,5,success,0.0290873,0.0324337,0.0956048,0.028916569,258.8867188,253.0859375,5.80078125,28,0.12984848,2184,234,16,,3.77E-15,Windows-10-10.0.26100-SP0,3.11.9,2.5.2,spawn,"Intel64 Family 6 Model 181 Stepping 0, GenuineIntel"
psf_canonical,PSF-Zero,rxx/ryy/rzz + rz/ry,consolidated,156,20,1,5,success,0.0103969,0.0136638,0.0144347,0.001576234,163.5664063,162.375,1.19140625,78,0.417887688,1170,234,9,,3.33E-15,Windows-10-10.0.26100-SP0,3.11.9,2.5.2,spawn,"Intel64 Family 6 Model 181 Stepping 0, GenuineIntel"
psf_canonical_strict,PSF-Zero,rxx/ryy/rzz + rz/ry,consolidated,156,20,1,5,success,0.0542875,0.0592531,0.0672042,0.005309669,162.984375,162.4492188,0.53515625,31,0.409052849,1170,234,9,,3.33E-15,Windows-10-10.0.26100-SP0,3.11.9,2.5.2,spawn,"Intel64 Family 6 Model 181 Stepping 0, GenuineIntel"
qiskit_opt3,Qiskit,rz/sx/x/cx,consolidated,156,20,2,5,success,0.0217343,0.0235497,0.0733689,0.022381053,266.0507813,261.5664063,4.484375,39,0.130629539,2184,234,16,,3.77E-15,Windows-10-10.0.26100-SP0,3.11.9,2.5.2,spawn,"Intel64 Family 6 Model 181 Stepping 0, GenuineIntel"
psf_canonical,PSF-Zero,rxx/ryy/rzz + rz/ry,consolidated,156,20,2,5,success,0.0070969,0.0076593,0.0097071,0.001138107,164.1015625,162.40625,1.6953125,70,0.417544365,1170,234,9,,3.33E-15,Windows-10-10.0.26100-SP0,3.11.9,2.5.2,spawn,"Intel64 Family 6 Model 181 Stepping 0, GenuineIntel"
psf_canonical_strict,PSF-Zero,rxx/ryy/rzz + rz/ry,consolidated,156,20,2,5,success,0.0494884,0.0526754,0.0553752,0.002370108,162.9335938,162.4453125,0.48828125,17,0.409052849,1170,234,9,,3.33E-15,Windows-10-10.0.26100-SP0,3.11.9,2.5.2,spawn,"Intel64 Family 6 Model 181 Stepping 0, GenuineIntel"
qiskit_opt3,Qiskit,rz/sx/x/cx,consolidated,156,20,3,5,success,0.0203707,0.0240721,0.0966487,0.033080925,251.3515625,247.015625,4.3359375,40,0.129023552,2184,234,16,,3.77E-15,Windows-10-10.0.26100-SP0,3.11.9,2.5.2,spawn,"Intel64 Family 6 Model 181 Stepping 0, GenuineIntel"
psf_canonical,PSF-Zero,rxx/ryy/rzz + rz/ry,consolidated,156,20,3,5,success,0.0071381,0.0083515,0.0101169,0.001164498,166.2539063,163.6445313,2.609375,82,0.415896416,1170,234,9,,3.33E-15,Windows-10-10.0.26100-SP0,3.11.9,2.5.2,spawn,"Intel64 Family 6 Model 181 Stepping 0, GenuineIntel"
psf_canonical_strict,PSF-Zero,rxx/ryy/rzz + rz/ry,consolidated,156,20,3,5,success,0.047546,0.0484761,0.0508765,0.001238476,163.4257813,162.9101563,0.515625,7,0.409052849,1170,234,9,,3.33E-15,Windows-10-10.0.26100-SP0,3.11.9,2.5.2,spawn,"Intel64 Family 6 Model 181 Stepping 0, GenuineIntel"
qiskit_opt3,Qiskit,rz/sx/x/cx,consolidated,156,20,4,5,success,0.0206377,0.0221478,0.0770671,0.024430817,258.078125,253.046875,5.03125,43,0.130269051,2184,234,16,,3.77E-15,Windows-10-10.0.26100-SP0,3.11.9,2.5.2,spawn,"Intel64 Family 6 Model 181 Stepping 0, GenuineIntel"
psf_canonical,PSF-Zero,rxx/ryy/rzz + rz/ry,consolidated,156,20,4,5,success,0.0072303,0.0075173,0.009318,0.000846992,165.8359375,163.6289063,2.20703125,76,0.417887688,1170,234,9,,3.33E-15,Windows-10-10.0.26100-SP0,3.11.9,2.5.2,spawn,"Intel64 Family 6 Model 181 Stepping 0, GenuineIntel"
psf_canonical_strict,PSF-Zero,rxx/ryy/rzz + rz/ry,consolidated,156,20,4,5,success,0.0492517,0.0499947,0.0528719,0.001795251,165.4296875,164.8242188,0.60546875,17,0.404789925,1170,234,9,,3.33E-15,Windows-10-10.0.26100-SP0,3.11.9,2.5.2,spawn,"Intel64 Family 6 Model 181 Stepping 0, GenuineIntel"
qiskit_opt3,Qiskit,rz/sx/x/cx,consolidated,156,20,5,5,success,0.0207628,0.0244127,0.0781289,0.024761258,265.9140625,252.3515625,13.5625,39,0.130652428,2184,234,16,,3.77E-15,Windows-10-10.0.26100-SP0,3.11.9,2.5.2,spawn,"Intel64 Family 6 Model 181 Stepping 0, GenuineIntel"
psf_canonical,PSF-Zero,rxx/ryy/rzz + rz/ry,consolidated,156,20,5,5,success,0.0075677,0.0078676,0.0092819,0.000696628,164.34375,162.6992188,1.64453125,68,0.415896416,1170,234,9,,3.33E-15,Windows-10-10.0.26100-SP0,3.11.9,2.5.2,spawn,"Intel64 Family 6 Model 181 Stepping 0, GenuineIntel"
psf_canonical_strict,PSF-Zero,rxx/ryy/rzz + rz/ry,consolidated,156,20,5,5,success,0.0503983,0.0518439,0.0528514,0.001145716,163.3164063,162.7070313,0.609375,27,0.409052849,1170,234,9,,3.33E-15,Windows-10-10.0.26100-SP0,3.11.9,2.5.2,spawn,"Intel64 Family 6 Model 181 Stepping 0, GenuineIntel"
qiskit_opt3,Qiskit,rz/sx/x/cx,consolidated,156,20,6,5,success,0.0232454,0.0306303,0.0717983,0.020144211,260.7773438,257.9257813,2.8515625,38,0.12918663,2184,234,16,,3.77E-15,Windows-10-10.0.26100-SP0,3.11.9,2.5.2,spawn,"Intel64 Family 6 Model 181 Stepping 0, GenuineIntel"
psf_canonical,PSF-Zero,rxx/ryy/rzz + rz/ry,consolidated,156,20,6,5,success,0.0072434,0.0073946,0.0084543,0.000579549,164.1445313,162.3125,1.83203125,69,0.417887688,1170,234,9,,3.33E-15,Windows-10-10.0.26100-SP0,3.11.9,2.5.2,spawn,"Intel64 Family 6 Model 181 Stepping 0, GenuineIntel"
psf_canonical_strict,PSF-Zero,rxx/ryy/rzz + rz/ry,consolidated,156,20,6,5,success,0.0490242,0.0496117,0.0547483,0.002344555,163.203125,162.5234375,0.6796875,38,0.409052849,1170,234,9,,3.33E-15,Windows-10-10.0.26100-SP0,3.11.9,2.5.2,spawn,"Intel64 Family 6 Model 181 Stepping 0, GenuineIntel"
qiskit_opt3,Qiskit,rz/sx/x/cx,consolidated,156,20,7,5,success,0.0211185,0.0234354,0.0769897,0.023982034,257.8242188,253.2578125,4.56640625,40,0.130606651,2184,234,16,,3.77E-15,Windows-10-10.0.26100-SP0,3.11.9,2.5.2,spawn,"Intel64 Family 6 Model 181 Stepping 0, GenuineIntel"
psf_canonical,PSF-Zero,rxx/ryy/rzz + rz/ry,consolidated,156,20,7,5,success,0.007293,0.007554,0.0088588,0.000652496,163.9492188,162.2695313,1.6796875,70,0.417883873,1170,234,9,,3.33E-15,Windows-10-10.0.26100-SP0,3.11.9,2.5.2,spawn,"Intel64 Family 6 Model 181 Stepping 0, GenuineIntel"
psf_canonical_strict,PSF-Zero,rxx/ryy/rzz + rz/ry,consolidated,156,20,7,5,success,0.0462148,0.0506725,0.0537387,0.002738941,163.4609375,163.015625,0.4453125,29,0.409049034,1170,234,9,,3.33E-15,Windows-10-10.0.26100-SP0,3.11.9,2.5.2,spawn,"Intel64 Family 6 Model 181 Stepping 0, GenuineIntel"
qiskit_opt3,Qiskit,rz/sx/x/cx,consolidated,156,20,8,5,success,0.0207033,0.0223618,0.0766317,0.02438801,258.28125,250.0703125,8.2109375,41,0.132059097,2184,234,16,,3.77E-15,Windows-10-10.0.26100-SP0,3.11.9,2.5.2,spawn,"Intel64 Family 6 Model 181 Stepping 0, GenuineIntel"
psf_canonical,PSF-Zero,rxx/ryy/rzz + rz/ry,consolidated,156,20,8,5,success,0.0073338,0.0084413,0.0090864,0.00081306,163.8046875,162.2460938,1.55859375,72,0.415896416,1170,234,9,,3.33E-15,Windows-10-10.0.26100-SP0,3.11.9,2.5.2,spawn,"Intel64 Family 6 Model 181 Stepping 0, GenuineIntel"
psf_canonical_strict,PSF-Zero,rxx/ryy/rzz + rz/ry,consolidated,156,20,8,5,success,0.0473574,0.0478523,0.0565337,0.003857272,163.515625,162.9453125,0.5703125,15,0.409049034,1170,234,9,,3.33E-15,Windows-10-10.0.26100-SP0,3.11.9,2.5.2,spawn,"Intel64 Family 6 Model 181 Stepping 0, GenuineIntel"
qiskit_opt3,Qiskit,rz/sx/x/cx,consolidated,156,20,9,5,success,0.0210102,0.022242,0.0760029,0.024107538,245.34375,243.078125,2.265625,37,0.130758286,2184,234,16,,3.77E-15,Windows-10-10.0.26100-SP0,3.11.9,2.5.2,spawn,"Intel64 Family 6 Model 181 Stepping 0, GenuineIntel"
psf_canonical,PSF-Zero,rxx/ryy/rzz + rz/ry,consolidated,156,20,9,5,success,0.0071764,0.0084902,0.014151,0.002854757,163.8046875,162.375,1.4296875,58,0.417544365,1170,234,9,,3.33E-15,Windows-10-10.0.26100-SP0,3.11.9,2.5.2,spawn,"Intel64 Family 6 Model 181 Stepping 0, GenuineIntel"
psf_canonical_strict,PSF-Zero,rxx/ryy/rzz + rz/ry,consolidated,156,20,9,5,success,0.0453161,0.0457513,0.049712,0.001808048,162.84375,162.3085938,0.53515625,26,0.409052849,1170,234,9,,3.33E-15,Windows-10-10.0.26100-SP0,3.11.9,2.5.2,spawn,"Intel64 Family 6 Model 181 Stepping 0, GenuineIntel"
qiskit_opt3,Qiskit,rz/sx/x/cx,consolidated,156,20,10,5,success,0.0207602,0.0227649,0.0728629,0.022815792,261.0078125,255.0117188,5.99609375,37,0.130459785,2184,234,16,,3.77E-15,Windows-10-10.0.26100-SP0,3.11.9,2.5.2,spawn,"Intel64 Family 6 Model 181 Stepping 0, GenuineIntel"
psf_canonical,PSF-Zero,rxx/ryy/rzz + rz/ry,consolidated,156,20,10,5,success,0.0072268,0.0080504,0.0088333,0.000693437,164.2304688,162.6914063,1.5390625,65,0.417544365,1170,234,9,,3.33E-15,Windows-10-10.0.26100-SP0,3.11.9,2.5.2,spawn,"Intel64 Family 6 Model 181 Stepping 0, GenuineIntel"
psf_canonical_strict,PSF-Zero,rxx/ryy/rzz + rz/ry,consolidated,156,20,10,5,success,0.0446464,0.0502071,0.053883,0.003421805,163.4101563,162.78125,0.62890625,22,0.409045219,1170,234,9,,3.33E-15,Windows-10-10.0.26100-SP0,3.11.9,2.5.2,spawn,"Intel64 Family 6 Model 181 Stepping 0, GenuineIntel"
