spare,n,n_device,occupancy,avg_degree,degree_seed,n_construction_tries,seed,optimization_level,repeat,elapsed_since_start_s,time_ms,layout_ms,routing_ms,accounted_ms,layout_frac,vf2layout_ms,sabrelayout_ms,vf2postlayout_ms,sabreswap_ms,slowest_pass,slowest_pass_ms,n_passes,vf2_stop_reason,vf2post_stop_reason,vf2postlayout_ran,vf2layout_ran,two_qubit_gates,depth,error,cpu,cpu_model,platform,python_version,qiskit_version,n_per_side,gates_per_pair,seed_transpiler
0,116,116,1.0,2.2586206896551726,42,19,0,3,0,13.71462799999972,11756.183999999848,11745.070457458496,0.0,11745.070457458496,0.9990546641204874,5878.376007080078,0.0,5866.694450378418,0.0,VF2Layout,5878.376007080078,25,nonexistent solution,no better solution found,True,True,186,38,,"Intel64 Family 6 Model 181 Stepping 0, GenuineIntel","Intel64 Family 6 Model 181 Stepping 0, GenuineIntel",Windows-10-10.0.26100-SP0,3.11.9,2.5.2,58,20,42
0,116,116,1.0,2.2586206896551726,42,19,0,3,1,25.474634899999728,22891.257200000837,22882.45964050293,0.0,22886.84105873108,0.9996156803699752,10701.5061378479,14.574766159057617,12166.378736495972,0.0,VF2PostLayout,12166.378736495972,25,nonexistent solution,no better solution found,True,True,186,38,,"Intel64 Family 6 Model 181 Stepping 0, GenuineIntel","Intel64 Family 6 Model 181 Stepping 0, GenuineIntel",Windows-10-10.0.26100-SP0,3.11.9,2.5.2,58,20,42
0,116,116,1.0,2.2586206896551726,42,19,0,3,2,48.36955200000011,24317.423999998937,24301.67865753174,0.0,24306.58721923828,0.99935250779576,5917.7515506744385,16.41845703125,18367.50864982605,0.0,VF2PostLayout,18367.50864982605,25,nonexistent solution,no better solution found,True,True,186,38,,"Intel64 Family 6 Model 181 Stepping 0, GenuineIntel","Intel64 Family 6 Model 181 Stepping 0, GenuineIntel",Windows-10-10.0.26100-SP0,3.11.9,2.5.2,58,20,42
0,116,116,1.0,2.2586206896551726,42,19,1,3,0,95.57389340000009,11827.322600000116,11818.451404571533,0.0,11824.92446899414,0.9992499405208933,5898.17214012146,5.313396453857422,5914.965867996216,0.0,VF2PostLayout,5914.965867996216,25,nonexistent solution,no better solution found,True,True,186,38,,"Intel64 Family 6 Model 181 Stepping 0, GenuineIntel","Intel64 Family 6 Model 181 Stepping 0, GenuineIntel",Windows-10-10.0.26100-SP0,3.11.9,2.5.2,58,20,42
0,116,116,1.0,2.2586206896551726,42,19,1,3,1,107.40483330000097,14708.455800000593,14680.38535118103,0.0,14705.097436904907,0.9980915434494788,5874.299764633179,0.0,8806.085586547852,0.0,VF2PostLayout,8806.085586547852,25,nonexistent solution,no better solution found,True,True,186,38,,"Intel64 Family 6 Model 181 Stepping 0, GenuineIntel","Intel64 Family 6 Model 181 Stepping 0, GenuineIntel",Windows-10-10.0.26100-SP0,3.11.9,2.5.2,58,20,42
0,116,116,1.0,2.2586206896551726,42,19,1,3,2,122.12997080000059,21010.660500000085,20965.63768386841,0.0,20980.650901794434,0.9978571441801329,15084.209442138672,0.0,5881.428241729736,0.0,VF2Layout,15084.209442138672,25,nonexistent solution,no better solution found,True,True,186,38,,"Intel64 Family 6 Model 181 Stepping 0, GenuineIntel","Intel64 Family 6 Model 181 Stepping 0, GenuineIntel",Windows-10-10.0.26100-SP0,3.11.9,2.5.2,58,20,42
0,116,116,1.0,2.2586206896551726,42,19,2,3,0,155.08416490000127,11829.686200000651,11817.119598388672,0.0,11817.119598388672,0.9989377062586852,5875.277519226074,10.367393493652344,5931.474685668945,0.0,VF2PostLayout,5931.474685668945,25,nonexistent solution,no better solution found,True,True,186,38,,"Intel64 Family 6 Model 181 Stepping 0, GenuineIntel","Intel64 Family 6 Model 181 Stepping 0, GenuineIntel",Windows-10-10.0.26100-SP0,3.11.9,2.5.2,58,20,42
0,116,116,1.0,2.2586206896551726,42,19,2,3,1,166.91760369999975,13449.500100001387,13428.25722694397,0.0,13443.957805633545,0.998420545529613,5926.5172481536865,5.998373031616211,7495.741605758667,0.0,VF2PostLayout,7495.741605758667,25,nonexistent solution,no better solution found,True,True,186,38,,"Intel64 Family 6 Model 181 Stepping 0, GenuineIntel","Intel64 Family 6 Model 181 Stepping 0, GenuineIntel",Windows-10-10.0.26100-SP0,3.11.9,2.5.2,58,20,42
0,116,116,1.0,2.2586206896551726,42,19,2,3,2,180.3855764,31016.602800000328,30958.508014678955,0.0,30981.03952407837,0.9981269778094017,16550.758123397827,6.046533584594727,14401.703357696533,0.0,VF2Layout,16550.758123397827,25,nonexistent solution,no better solution found,True,True,186,38,,"Intel64 Family 6 Model 181 Stepping 0, GenuineIntel","Intel64 Family 6 Model 181 Stepping 0, GenuineIntel",Windows-10-10.0.26100-SP0,3.11.9,2.5.2,58,20,42
0,116,116,1.0,2.2586206896551726,42,19,3,3,0,232.70449420000114,11779.34649999952,11760.489702224731,0.0,11760.489702224731,0.9983991643530659,5895.462274551392,9.171247482299805,5855.85618019104,0.0,VF2Layout,5895.462274551392,25,nonexistent solution,no better solution found,True,True,186,38,,"Intel64 Family 6 Model 181 Stepping 0, GenuineIntel","Intel64 Family 6 Model 181 Stepping 0, GenuineIntel",Windows-10-10.0.26100-SP0,3.11.9,2.5.2,58,20,42
0,116,116,1.0,2.2586206896551726,42,19,3,3,1,244.48757939999996,16441.117100001065,16418.84756088257,0.0,16432.740926742554,0.9986454972017385,5899.483680725098,15.790939331054688,10503.572940826416,0.0,VF2PostLayout,10503.572940826416,25,nonexistent solution,no better solution found,True,True,186,38,,"Intel64 Family 6 Model 181 Stepping 0, GenuineIntel","Intel64 Family 6 Model 181 Stepping 0, GenuineIntel",Windows-10-10.0.26100-SP0,3.11.9,2.5.2,58,20,42
0,116,116,1.0,2.2586206896551726,42,19,3,3,2,260.94903879999947,24707.19739999913,24659.709692001343,0.0,24670.270442962646,0.9980779807912252,18754.18257713318,6.264448165893555,5899.2626667022705,0.0,VF2Layout,18754.18257713318,25,nonexistent solution,no better solution found,True,True,186,38,,"Intel64 Family 6 Model 181 Stepping 0, GenuineIntel","Intel64 Family 6 Model 181 Stepping 0, GenuineIntel",Windows-10-10.0.26100-SP0,3.11.9,2.5.2,58,20,42
0,116,116,1.0,2.2586206896551726,42,19,4,3,0,326.9792415000011,44336.64130000034,44267.85349845886,0.0,44291.79549217224,0.998448511219512,22301.485300064087,16.141891479492188,21950.226306915283,0.0,VF2Layout,22301.485300064087,25,nonexistent solution,no better solution found,True,True,186,38,,"Intel64 Family 6 Model 181 Stepping 0, GenuineIntel","Intel64 Family 6 Model 181 Stepping 0, GenuineIntel",Windows-10-10.0.26100-SP0,3.11.9,2.5.2,58,20,42
0,116,116,1.0,2.2586206896551726,42,19,4,3,1,371.33394790000057,42881.8310000006,42823.15969467163,0.0,42862.15043067932,0.9986317910415493,21052.61778831482,15.813350677490234,21754.72855567932,0.0,VF2PostLayout,21754.72855567932,25,nonexistent solution,no better solution found,True,True,186,38,,"Intel64 Family 6 Model 181 Stepping 0, GenuineIntel","Intel64 Family 6 Model 181 Stepping 0, GenuineIntel",Windows-10-10.0.26100-SP0,3.11.9,2.5.2,58,20,42
0,116,116,1.0,2.2586206896551726,42,19,4,3,2,414.23442220000106,42324.826199999734,42257.07221031189,0.0,42290.44318199158,0.9983991903624676,20595.226287841797,9.990930557250977,21651.85499191284,0.0,VF2PostLayout,21651.85499191284,25,nonexistent solution,no better solution found,True,True,186,38,,"Intel64 Family 6 Model 181 Stepping 0, GenuineIntel","Intel64 Family 6 Model 181 Stepping 0, GenuineIntel",Windows-10-10.0.26100-SP0,3.11.9,2.5.2,58,20,42
2,114,116,0.9827586206896551,2.2586206896551726,42,19,0,3,0,500.8277027000004,41137.90909999989,41075.70242881775,0.0,41123.34370613098,0.9984878504390944,22044.43407058716,0.0,19031.26835823059,0.0,VF2Layout,22044.43407058716,25,nonexistent solution,no better solution found,True,True,183,38,,"Intel64 Family 6 Model 181 Stepping 0, GenuineIntel","Intel64 Family 6 Model 181 Stepping 0, GenuineIntel",Windows-10-10.0.26100-SP0,3.11.9,2.5.2,58,20,42
2,114,116,0.9827586206896551,2.2586206896551726,42,19,0,3,1,541.9803322999996,38599.80630000064,38564.66794013977,0.0,38564.66794013977,0.9990896752282183,22553.07960510254,25.252819061279297,15986.335515975952,0.0,VF2Layout,22553.07960510254,25,nonexistent solution,no better solution found,True,True,183,38,,"Intel64 Family 6 Model 181 Stepping 0, GenuineIntel","Intel64 Family 6 Model 181 Stepping 0, GenuineIntel",Windows-10-10.0.26100-SP0,3.11.9,2.5.2,58,20,42
2,114,116,0.9827586206896551,2.2586206896551726,42,19,0,3,2,580.5891233000002,27159.14359999988,27110.913515090942,0.0,27128.068685531616,0.9982241676829259,13645.68281173706,7.536649703979492,13457.694053649902,0.0,VF2Layout,13645.68281173706,25,nonexistent solution,no better solution found,True,True,183,38,,"Intel64 Family 6 Model 181 Stepping 0, GenuineIntel","Intel64 Family 6 Model 181 Stepping 0, GenuineIntel",Windows-10-10.0.26100-SP0,3.11.9,2.5.2,58,20,42
2,114,116,0.9827586206896551,2.2586206896551726,42,19,1,3,0,635.0801404000013,29549.66609999974,29502.93207168579,0.0,29530.95245361328,0.9984184583285715,14422.853469848633,21.663427352905273,15058.415174484253,0.0,VF2PostLayout,15058.415174484253,25,nonexistent solution,no better solution found,True,True,183,38,,"Intel64 Family 6 Model 181 Stepping 0, GenuineIntel","Intel64 Family 6 Model 181 Stepping 0, GenuineIntel",Windows-10-10.0.26100-SP0,3.11.9,2.5.2,58,20,42
2,114,116,0.9827586206896551,2.2586206896551726,42,19,1,3,1,664.6424227000007,31838.863599999968,31787.245273590088,0.0,31807.07097053528,0.9983787635432478,15792.111873626709,9.047746658325195,15986.085653305054,0.0,VF2PostLayout,15986.085653305054,25,nonexistent solution,no better solution found,True,True,183,38,,"Intel64 Family 6 Model 181 Stepping 0, GenuineIntel","Intel64 Family 6 Model 181 Stepping 0, GenuineIntel",Windows-10-10.0.26100-SP0,3.11.9,2.5.2,58,20,42
2,114,116,0.9827586206896551,2.2586206896551726,42,19,1,3,2,696.4953208999996,31141.90989999952,31095.08180618286,0.0,31111.724138259888,0.998496299874766,16062.248945236206,16.095638275146484,15016.737222671509,0.0,VF2Layout,16062.248945236206,25,nonexistent solution,no better solution found,True,True,183,38,,"Intel64 Family 6 Model 181 Stepping 0, GenuineIntel","Intel64 Family 6 Model 181 Stepping 0, GenuineIntel",Windows-10-10.0.26100-SP0,3.11.9,2.5.2,58,20,42
2,114,116,0.9827586206896551,2.2586206896551726,42,19,2,3,0,762.6438967000013,38949.06230000015,38899.96266365051,0.0,38920.40205001831,0.9987393884871617,19128.902912139893,18.246173858642578,19752.813577651978,0.0,VF2PostLayout,19752.813577651978,25,nonexistent solution,no better solution found,True,True,183,38,,"Intel64 Family 6 Model 181 Stepping 0, GenuineIntel","Intel64 Family 6 Model 181 Stepping 0, GenuineIntel",Windows-10-10.0.26100-SP0,3.11.9,2.5.2,58,20,42
2,114,116,0.9827586206896551,2.2586206896551726,42,19,2,3,1,801.6131913000008,37566.207300000315,37503.85284423828,0.0,37543.58696937561,0.9983401450334318,19391.154050827026,7.925987243652344,18104.772806167603,0.0,VF2Layout,19391.154050827026,25,nonexistent solution,no better solution found,True,True,183,38,,"Intel64 Family 6 Model 181 Stepping 0, GenuineIntel","Intel64 Family 6 Model 181 Stepping 0, GenuineIntel",Windows-10-10.0.26100-SP0,3.11.9,2.5.2,58,20,42
2,114,116,0.9827586206896551,2.2586206896551726,42,19,2,3,2,839.1989049000003,37048.84990000028,36982.87034034729,0.0,37021.52419090271,0.9982191198962701,18828.3748626709,12.140512466430664,18142.35496520996,0.0,VF2Layout,18828.3748626709,25,nonexistent solution,no better solution found,True,True,183,38,,"Intel64 Family 6 Model 181 Stepping 0, GenuineIntel","Intel64 Family 6 Model 181 Stepping 0, GenuineIntel",Windows-10-10.0.26100-SP0,3.11.9,2.5.2,58,20,42
2,114,116,0.9827586206896551,2.2586206896551726,42,19,3,3,0,916.0049550000003,40720.744600001126,40659.04784202576,0.0,40690.87219238281,0.9984848813895371,20604.12549972534,11.528730392456055,20043.39361190796,0.0,VF2Layout,20604.12549972534,25,nonexistent solution,no better solution found,True,True,183,38,,"Intel64 Family 6 Model 181 Stepping 0, GenuineIntel","Intel64 Family 6 Model 181 Stepping 0, GenuineIntel",Windows-10-10.0.26100-SP0,3.11.9,2.5.2,58,20,42
2,114,116,0.9827586206896551,2.2586206896551726,42,19,3,3,1,956.7430827999997,38618.360599999505,38553.17974090576,0.0,38584.95211601257,0.9983121795415173,19556.039094924927,10.071516036987305,18987.069129943848,0.0,VF2Layout,19556.039094924927,25,nonexistent solution,no better solution found,True,True,183,38,,"Intel64 Family 6 Model 181 Stepping 0, GenuineIntel","Intel64 Family 6 Model 181 Stepping 0, GenuineIntel",Windows-10-10.0.26100-SP0,3.11.9,2.5.2,58,20,42
2,114,116,0.9827586206896551,2.2586206896551726,42,19,3,3,2,995.3813620000001,35811.866899999586,35764.37497138977,0.0,35788.02013397217,0.998673849404656,19980.944633483887,16.141653060913086,15767.28868484497,0.0,VF2Layout,19980.944633483887,25,nonexistent solution,no better solution found,True,True,183,38,,"Intel64 Family 6 Model 181 Stepping 0, GenuineIntel","Intel64 Family 6 Model 181 Stepping 0, GenuineIntel",Windows-10-10.0.26100-SP0,3.11.9,2.5.2,58,20,42
2,114,116,0.9827586206896551,2.2586206896551726,42,19,4,3,0,1062.373544,29375.511500000357,29324.52130317688,0.0,29347.59211540222,0.9982641937375805,14148.24891090393,15.816926956176758,15160.455465316772,0.0,VF2PostLayout,15160.455465316772,25,nonexistent solution,no better solution found,True,True,183,38,,"Intel64 Family 6 Model 181 Stepping 0, GenuineIntel","Intel64 Family 6 Model 181 Stepping 0, GenuineIntel",Windows-10-10.0.26100-SP0,3.11.9,2.5.2,58,20,42
2,114,116,0.9827586206896551,2.2586206896551726,42,19,4,3,1,1091.758412000001,27435.401800001273,27390.45023918152,0.0,27422.520875930786,0.9983615490253271,12389.225721359253,11.109352111816406,14990.11516571045,0.0,VF2PostLayout,14990.11516571045,25,nonexistent solution,no better solution found,True,True,183,38,,"Intel64 Family 6 Model 181 Stepping 0, GenuineIntel","Intel64 Family 6 Model 181 Stepping 0, GenuineIntel",Windows-10-10.0.26100-SP0,3.11.9,2.5.2,58,20,42
2,114,116,0.9827586206896551,2.2586206896551726,42,19,4,3,2,1119.2093956999997,38815.288199999486,38755.1543712616,0.0,38776.869773864746,0.9984507694898968,18061.668872833252,19.90509033203125,20673.580408096313,0.0,VF2PostLayout,20673.580408096313,25,nonexistent solution,no better solution found,True,True,183,38,,"Intel64 Family 6 Model 181 Stepping 0, GenuineIntel","Intel64 Family 6 Model 181 Stepping 0, GenuineIntel",Windows-10-10.0.26100-SP0,3.11.9,2.5.2,58,20,42
4,112,116,0.9655172413793104,2.2586206896551726,42,19,0,3,0,1192.4315582,33170.84070000055,33119.64774131775,0.0,33135.34498214722,0.9984566879342675,16178.567886352539,17.825603485107422,16923.254251480103,0.0,VF2PostLayout,16923.254251480103,25,nonexistent solution,no better solution found,True,True,180,35,,"Intel64 Family 6 Model 181 Stepping 0, GenuineIntel","Intel64 Family 6 Model 181 Stepping 0, GenuineIntel",Windows-10-10.0.26100-SP0,3.11.9,2.5.2,58,20,42
4,112,116,0.9655172413793104,2.2586206896551726,42,19,0,3,1,1225.6186256,37592.6040000013,37551.400899887085,0.0,37569.18406486511,0.9989039572753668,19964.457035064697,5.411624908447266,17581.53223991394,0.0,VF2Layout,19964.457035064697,25,nonexistent solution,no better solution found,True,True,180,35,,"Intel64 Family 6 Model 181 Stepping 0, GenuineIntel","Intel64 Family 6 Model 181 Stepping 0, GenuineIntel",Windows-10-10.0.26100-SP0,3.11.9,2.5.2,58,20,42
4,112,116,0.9655172413793104,2.2586206896551726,42,19,0,3,2,1263.2299565000012,36536.46470000058,36483.04605484009,0.0,36501.863956451416,0.9985379361249341,19331.98046684265,9.065866470336914,17141.9997215271,0.0,VF2Layout,19331.98046684265,25,nonexistent solution,no better solution found,True,True,180,35,,"Intel64 Family 6 Model 181 Stepping 0, GenuineIntel","Intel64 Family 6 Model 181 Stepping 0, GenuineIntel",Windows-10-10.0.26100-SP0,3.11.9,2.5.2,58,20,42
4,112,116,0.9655172413793104,2.2586206896551726,42,19,1,3,0,1339.0494959999996,41329.024599999684,41274.463415145874,0.0,41306.04958534241,0.9986798337153641,19701.043128967285,15.914201736450195,21557.50608444214,0.0,VF2PostLayout,21557.50608444214,25,nonexistent solution,no better solution found,True,True,180,35,,"Intel64 Family 6 Model 181 Stepping 0, GenuineIntel","Intel64 Family 6 Model 181 Stepping 0, GenuineIntel",Windows-10-10.0.26100-SP0,3.11.9,2.5.2,58,20,42
4,112,116,0.9655172413793104,2.2586206896551726,42,19,1,3,1,1380.3966195000012,43961.32620000026,43901.04055404663,0.0,43930.400371551514,0.9986286663491597,22862.614154815674,15.811681747436523,21022.61471748352,0.0,VF2Layout,22862.614154815674,25,nonexistent solution,no better solution found,True,True,180,35,,"Intel64 Family 6 Model 181 Stepping 0, GenuineIntel","Intel64 Family 6 Model 181 Stepping 0, GenuineIntel",Windows-10-10.0.26100-SP0,3.11.9,2.5.2,58,20,42
4,112,116,0.9655172413793104,2.2586206896551726,42,19,1,3,2,1424.3759057999996,41524.69689999998,41462.21828460693,0.0,41493.97563934326,0.9984953865998466,22030.34019470215,15.321493148803711,19416.55659675598,0.0,VF2Layout,22030.34019470215,25,nonexistent solution,no better solution found,True,True,180,35,,"Intel64 Family 6 Model 181 Stepping 0, GenuineIntel","Intel64 Family 6 Model 181 Stepping 0, GenuineIntel",Windows-10-10.0.26100-SP0,3.11.9,2.5.2,58,20,42
4,112,116,0.9655172413793104,2.2586206896551726,42,19,2,3,0,1509.9923423,43285.16429999945,43213.523864746094,0.0,43247.111797332764,0.9983449194103358,21187.92748451233,10.917186737060547,22014.679193496704,0.0,VF2PostLayout,22014.679193496704,25,nonexistent solution,no better solution found,True,True,180,35,,"Intel64 Family 6 Model 181 Stepping 0, GenuineIntel","Intel64 Family 6 Model 181 Stepping 0, GenuineIntel",Windows-10-10.0.26100-SP0,3.11.9,2.5.2,58,20,42
4,112,116,0.9655172413793104,2.2586206896551726,42,19,2,3,1,1553.296670400001,43074.85180000003,43007.882595062256,0.0,43051.44143104553,0.9984452829867246,21866.605520248413,15.947580337524414,21125.32949447632,0.0,VF2Layout,21866.605520248413,25,nonexistent solution,no better solution found,True,True,180,35,,"Intel64 Family 6 Model 181 Stepping 0, GenuineIntel","Intel64 Family 6 Model 181 Stepping 0, GenuineIntel",Windows-10-10.0.26100-SP0,3.11.9,2.5.2,58,20,42
4,112,116,0.9655172413793104,2.2586206896551726,42,19,2,3,2,1596.3892028999999,42744.48180000036,42673.83122444153,0.0,42715.078830718994,0.9983471416055667,21160.41374206543,23.972272872924805,21489.445209503174,0.0,VF2PostLayout,21489.445209503174,25,nonexistent solution,no better solution found,True,True,180,35,,"Intel64 Family 6 Model 181 Stepping 0, GenuineIntel","Intel64 Family 6 Model 181 Stepping 0, GenuineIntel",Windows-10-10.0.26100-SP0,3.11.9,2.5.2,58,20,42
4,112,116,0.9655172413793104,2.2586206896551726,42,19,3,3,0,1682.2164338000002,42594.7457000002,42554.59761619568,0.0,42575.63257217407,0.9990574404625563,22031.68272972107,16.077518463134766,20506.837368011475,0.0,VF2Layout,22031.68272972107,25,nonexistent solution,no better solution found,True,True,180,35,,"Intel64 Family 6 Model 181 Stepping 0, GenuineIntel","Intel64 Family 6 Model 181 Stepping 0, GenuineIntel",Windows-10-10.0.26100-SP0,3.11.9,2.5.2,58,20,42
4,112,116,0.9655172413793104,2.2586206896551726,42,19,3,3,1,1724.8290944,44874.70250000115,44815.146923065186,0.0,44841.83216094971,0.9986728474258751,22683.713674545288,5.459070205688477,22125.97417831421,0.0,VF2Layout,22683.713674545288,25,nonexistent solution,no better solution found,True,True,180,35,,"Intel64 Family 6 Model 181 Stepping 0, GenuineIntel","Intel64 Family 6 Model 181 Stepping 0, GenuineIntel",Windows-10-10.0.26100-SP0,3.11.9,2.5.2,58,20,42
4,112,116,0.9655172413793104,2.2586206896551726,42,19,3,3,2,1769.7214213000007,43010.01589999942,42948.840618133545,0.0,42982.17749595642,0.9985776503313064,22020.773887634277,15.987873077392578,20912.078857421875,0.0,VF2Layout,22020.773887634277,25,nonexistent solution,no better solution found,True,True,180,35,,"Intel64 Family 6 Model 181 Stepping 0, GenuineIntel","Intel64 Family 6 Model 181 Stepping 0, GenuineIntel",Windows-10-10.0.26100-SP0,3.11.9,2.5.2,58,20,42
4,112,116,0.9655172413793104,2.2586206896551726,42,19,4,3,0,1857.3873089999997,42750.25070000083,42679.48293685913,0.0,42716.92180633545,0.9983446234353498,21227.153539657593,0.0,21452.329397201538,0.0,VF2PostLayout,21452.329397201538,25,nonexistent solution,no better solution found,True,True,180,35,,"Intel64 Family 6 Model 181 Stepping 0, GenuineIntel","Intel64 Family 6 Model 181 Stepping 0, GenuineIntel",Windows-10-10.0.26100-SP0,3.11.9,2.5.2,58,20,42
4,112,116,0.9655172413793104,2.2586206896551726,42,19,4,3,1,1900.1573466999998,44019.00260000002,43965.98768234253,0.0,43993.87192726135,0.9987956356453771,22236.873626708984,11.674880981445312,21717.4391746521,0.0,VF2Layout,22236.873626708984,25,nonexistent solution,no better solution found,True,True,180,35,,"Intel64 Family 6 Model 181 Stepping 0, GenuineIntel","Intel64 Family 6 Model 181 Stepping 0, GenuineIntel",Windows-10-10.0.26100-SP0,3.11.9,2.5.2,58,20,42
4,112,116,0.9655172413793104,2.2586206896551726,42,19,4,3,2,1944.1943112000008,44565.03840000005,44507.63511657715,0.0,44531.2774181366,0.9987119211497661,22941.926956176758,26.37481689453125,21539.33334350586,0.0,VF2Layout,22941.926956176758,25,nonexistent solution,no better solution found,True,True,180,35,,"Intel64 Family 6 Model 181 Stepping 0, GenuineIntel","Intel64 Family 6 Model 181 Stepping 0, GenuineIntel",Windows-10-10.0.26100-SP0,3.11.9,2.5.2,58,20,42
6,110,116,0.9482758620689655,2.2586206896551726,42,19,0,3,0,1992.0245319000005,2003.7635000007867,1971.7178344726562,0.0,1987.6291751861572,0.9840072615714789,1955.8966159820557,0.0,15.821218490600586,0.0,VF2Layout,1955.8966159820557,26,solution found,no better solution found,True,True,165,16,,"Intel64 Family 6 Model 181 Stepping 0, GenuineIntel","Intel64 Family 6 Model 181 Stepping 0, GenuineIntel",Windows-10-10.0.26100-SP0,3.11.9,2.5.2,58,20,42
6,110,116,0.9482758620689655,2.2586206896551726,42,19,0,3,1,1994.046065300001,2510.867299999518,2469.252824783325,0.0,2496.4311122894287,0.9834262546586191,2464.8702144622803,0.0,4.382610321044922,0.0,VF2Layout,2464.8702144622803,26,solution found,no better solution found,True,True,165,16,,"Intel64 Family 6 Model 181 Stepping 0, GenuineIntel","Intel64 Family 6 Model 181 Stepping 0, GenuineIntel",Windows-10-10.0.26100-SP0,3.11.9,2.5.2,58,20,42
6,110,116,0.9482758620689655,2.2586206896551726,42,19,0,3,2,1996.5726778000007,2755.8331999989605,2716.623306274414,0.0,2739.7940158843994,0.9857720366658761,2700.6239891052246,0.0,15.999317169189453,0.0,VF2Layout,2700.6239891052246,26,solution found,no better solution found,True,True,165,16,,"Intel64 Family 6 Model 181 Stepping 0, GenuineIntel","Intel64 Family 6 Model 181 Stepping 0, GenuineIntel",Windows-10-10.0.26100-SP0,3.11.9,2.5.2,58,20,42
6,110,116,0.9482758620689655,2.2586206896551726,42,19,1,3,0,2002.618241600001,2580.5796000004193,2526.2060165405273,0.0,2551.8009662628174,0.9789297011183522,2526.2060165405273,0.0,0.0,0.0,VF2Layout,2526.2060165405273,26,solution found,no better solution found,True,True,165,16,,"Intel64 Family 6 Model 181 Stepping 0, GenuineIntel","Intel64 Family 6 Model 181 Stepping 0, GenuineIntel",Windows-10-10.0.26100-SP0,3.11.9,2.5.2,58,20,42
6,110,116,0.9482758620689655,2.2586206896551726,42,19,1,3,1,2005.216817800001,2636.030600000595,2578.1757831573486,0.0,2594.174861907959,0.9780522969485889,2578.1757831573486,0.0,0.0,0.0,VF2Layout,2578.1757831573486,26,solution found,no better solution found,True,True,165,16,,"Intel64 Family 6 Model 181 Stepping 0, GenuineIntel","Intel64 Family 6 Model 181 Stepping 0, GenuineIntel",Windows-10-10.0.26100-SP0,3.11.9,2.5.2,58,20,42
6,110,116,0.9482758620689655,2.2586206896551726,42,19,1,3,2,2007.8691082000005,2504.688499999247,2451.068878173828,0.0,2482.8710556030273,0.9785922992717717,2451.068878173828,0.0,0.0,0.0,VF2Layout,2451.068878173828,26,solution found,no better solution found,True,True,165,16,,"Intel64 Family 6 Model 181 Stepping 0, GenuineIntel","Intel64 Family 6 Model 181 Stepping 0, GenuineIntel",Windows-10-10.0.26100-SP0,3.11.9,2.5.2,58,20,42
6,110,116,0.9482758620689655,2.2586206896551726,42,19,2,3,0,2013.8851071999998,2420.9012999999686,2369.1768646240234,0.0,2400.77805519104,0.9786342238008853,2369.1768646240234,0.0,0.0,0.0,VF2Layout,2369.1768646240234,26,solution found,no better solution found,True,True,165,16,,"Intel64 Family 6 Model 181 Stepping 0, GenuineIntel","Intel64 Family 6 Model 181 Stepping 0, GenuineIntel",Windows-10-10.0.26100-SP0,3.11.9,2.5.2,58,20,42
6,110,116,0.9482758620689655,2.2586206896551726,42,19,2,3,1,2016.3239878000004,2530.6003999994573,2467.0042991638184,0.0,2499.08185005188,0.9748691651057778,2467.0042991638184,0.0,0.0,0.0,VF2Layout,2467.0042991638184,26,solution found,no better solution found,True,True,165,16,,"Intel64 Family 6 Model 181 Stepping 0, GenuineIntel","Intel64 Family 6 Model 181 Stepping 0, GenuineIntel",Windows-10-10.0.26100-SP0,3.11.9,2.5.2,58,20,42
6,110,116,0.9482758620689655,2.2586206896551726,42,19,2,3,2,2018.872209700001,2255.3654000003007,2204.7014236450195,0.0,2229.844570159912,0.9775362447454082,2202.690839767456,0.0,0.0,0.0,VF2Layout,2202.690839767456,26,solution found,no better solution found,True,True,165,16,,"Intel64 Family 6 Model 181 Stepping 0, GenuineIntel","Intel64 Family 6 Model 181 Stepping 0, GenuineIntel",Windows-10-10.0.26100-SP0,3.11.9,2.5.2,58,20,42
6,110,116,0.9482758620689655,2.2586206896551726,42,19,3,3,0,2024.055973300001,2583.605499999976,2513.071298599243,0.0,2548.491954803467,0.9726993144267833,2513.071298599243,0.0,0.0,0.0,VF2Layout,2513.071298599243,26,solution found,no better solution found,True,True,165,16,,"Intel64 Family 6 Model 181 Stepping 0, GenuineIntel","Intel64 Family 6 Model 181 Stepping 0, GenuineIntel",Windows-10-10.0.26100-SP0,3.11.9,2.5.2,58,20,42
6,110,116,0.9482758620689655,2.2586206896551726,42,19,3,3,1,2026.6584280999996,2679.3364999994083,2611.7923259735107,0.0,2640.406608581543,0.9747907088094712,2611.7923259735107,0.0,0.0,0.0,VF2Layout,2611.7923259735107,26,solution found,no better solution found,True,True,165,16,,"Intel64 Family 6 Model 181 Stepping 0, GenuineIntel","Intel64 Family 6 Model 181 Stepping 0, GenuineIntel",Windows-10-10.0.26100-SP0,3.11.9,2.5.2,58,20,42
6,110,116,0.9482758620689655,2.2586206896551726,42,19,3,3,2,2029.3553205000007,2554.7709000002214,2514.270305633545,0.0,2530.081272125244,0.9841470738661251,2498.1203079223633,0.0,16.14999771118164,0.0,VF2Layout,2498.1203079223633,26,solution found,no better solution found,True,True,165,16,,"Intel64 Family 6 Model 181 Stepping 0, GenuineIntel","Intel64 Family 6 Model 181 Stepping 0, GenuineIntel",Windows-10-10.0.26100-SP0,3.11.9,2.5.2,58,20,42
6,110,116,0.9482758620689655,2.2586206896551726,42,19,4,3,0,2035.1981261,2576.9330999992235,2514.6090984344482,0.0,2544.5806980133057,0.9758146606270865,2514.6090984344482,0.0,0.0,0.0,VF2Layout,2514.6090984344482,26,solution found,no better solution found,True,True,165,16,,"Intel64 Family 6 Model 181 Stepping 0, GenuineIntel","Intel64 Family 6 Model 181 Stepping 0, GenuineIntel",Windows-10-10.0.26100-SP0,3.11.9,2.5.2,58,20,42
6,110,116,0.9482758620689655,2.2586206896551726,42,19,4,3,1,2037.7938593,2523.260300000402,2466.1712646484375,0.0,2497.847080230713,0.9773748925737248,2466.1712646484375,0.0,0.0,0.0,VF2Layout,2466.1712646484375,26,solution found,no better solution found,True,True,165,16,,"Intel64 Family 6 Model 181 Stepping 0, GenuineIntel","Intel64 Family 6 Model 181 Stepping 0, GenuineIntel",Windows-10-10.0.26100-SP0,3.11.9,2.5.2,58,20,42
6,110,116,0.9482758620689655,2.2586206896551726,42,19,4,3,2,2040.3361888,2470.640400000775,2402.7655124664307,0.0,2434.5130920410156,0.9725274113001944,2402.7655124664307,0.0,0.0,0.0,VF2Layout,2402.7655124664307,26,solution found,no better solution found,True,True,165,16,,"Intel64 Family 6 Model 181 Stepping 0, GenuineIntel","Intel64 Family 6 Model 181 Stepping 0, GenuineIntel",Windows-10-10.0.26100-SP0,3.11.9,2.5.2,58,20,42
8,108,116,0.9310344827586207,2.2586206896551726,42,19,0,3,0,2043.731528100001,145.0490000006539,84.89751815795898,0.0,109.43341255187988,0.5853023334016522,84.89751815795898,0.0,0.0,0.0,VF2Layout,84.89751815795898,26,solution found,no better solution found,True,True,162,16,,"Intel64 Family 6 Model 181 Stepping 0, GenuineIntel","Intel64 Family 6 Model 181 Stepping 0, GenuineIntel",Windows-10-10.0.26100-SP0,3.11.9,2.5.2,58,20,42
8,108,116,0.9310344827586207,2.2586206896551726,42,19,0,3,1,2043.8938073999998,155.21780000017316,98.20437431335449,0.0,127.68793106079102,0.6326875803757361,92.89121627807617,0.0,0.0,0.0,VF2Layout,92.89121627807617,26,solution found,no better solution found,True,True,162,16,,"Intel64 Family 6 Model 181 Stepping 0, GenuineIntel","Intel64 Family 6 Model 181 Stepping 0, GenuineIntel",Windows-10-10.0.26100-SP0,3.11.9,2.5.2,58,20,42
8,108,116,0.9310344827586207,2.2586206896551726,42,19,0,3,2,2044.0663604000001,142.86290000018198,94.93350982666016,0.0,110.94522476196289,0.664507789121873,94.93350982666016,0.0,0.0,0.0,VF2Layout,94.93350982666016,26,solution found,no better solution found,True,True,162,16,,"Intel64 Family 6 Model 181 Stepping 0, GenuineIntel","Intel64 Family 6 Model 181 Stepping 0, GenuineIntel",Windows-10-10.0.26100-SP0,3.11.9,2.5.2,58,20,42
8,108,116,0.9310344827586207,2.2586206896551726,42,19,1,3,0,2045.1266250000008,119.3567999998777,63.715219497680664,0.0,97.14031219482422,0.5338214454287142,63.715219497680664,0.0,0.0,0.0,VF2Layout,63.715219497680664,26,solution found,no better solution found,True,True,162,16,,"Intel64 Family 6 Model 181 Stepping 0, GenuineIntel","Intel64 Family 6 Model 181 Stepping 0, GenuineIntel",Windows-10-10.0.26100-SP0,3.11.9,2.5.2,58,20,42
8,108,116,0.9310344827586207,2.2586206896551726,42,19,1,3,1,2045.263216200001,152.0156999995379,110.44454574584961,0.0,126.47628784179688,0.7265338102984451,94.71416473388672,0.0,15.73038101196289,0.0,VF2Layout,94.71416473388672,26,solution found,no better solution found,True,True,162,16,,"Intel64 Family 6 Model 181 Stepping 0, GenuineIntel","Intel64 Family 6 Model 181 Stepping 0, GenuineIntel",Windows-10-10.0.26100-SP0,3.11.9,2.5.2,58,20,42
8,108,116,0.9310344827586207,2.2586206896551726,42,19,1,3,2,2045.430138400001,158.23579999960202,110.87727546691895,0.0,126.77907943725586,0.700709166112838,109.12275314331055,0.0,0.0,0.0,VF2Layout,109.12275314331055,26,solution found,no better solution found,True,True,162,16,,"Intel64 Family 6 Model 181 Stepping 0, GenuineIntel","Intel64 Family 6 Model 181 Stepping 0, GenuineIntel",Windows-10-10.0.26100-SP0,3.11.9,2.5.2,58,20,42
8,108,116,0.9310344827586207,2.2586206896551726,42,19,2,3,0,2046.5349024000006,158.25459999905434,95.50023078918457,0.0,127.13336944580078,0.6034594304984199,95.50023078918457,0.0,0.0,0.0,VF2Layout,95.50023078918457,26,solution found,no better solution found,True,True,162,16,,"Intel64 Family 6 Model 181 Stepping 0, GenuineIntel","Intel64 Family 6 Model 181 Stepping 0, GenuineIntel",Windows-10-10.0.26100-SP0,3.11.9,2.5.2,58,20,42
8,108,116,0.9310344827586207,2.2586206896551726,42,19,2,3,1,2046.7102433,150.22339999995893,111.7861270904541,0.0,127.6705265045166,0.7441325858054382,95.79157829284668,0.0,15.994548797607422,0.0,VF2Layout,95.79157829284668,26,solution found,no better solution found,True,True,162,16,,"Intel64 Family 6 Model 181 Stepping 0, GenuineIntel","Intel64 Family 6 Model 181 Stepping 0, GenuineIntel",Windows-10-10.0.26100-SP0,3.11.9,2.5.2,58,20,42
8,108,116,0.9310344827586207,2.2586206896551726,42,19,2,3,2,2046.8759983,154.37910000036936,95.5970287322998,0.0,127.32172012329102,0.619235561886752,95.5970287322998,0.0,0.0,0.0,VF2Layout,95.5970287322998,26,solution found,no better solution found,True,True,162,16,,"Intel64 Family 6 Model 181 Stepping 0, GenuineIntel","Intel64 Family 6 Model 181 Stepping 0, GenuineIntel",Windows-10-10.0.26100-SP0,3.11.9,2.5.2,58,20,42
8,108,116,0.9310344827586207,2.2586206896551726,42,19,3,3,0,2047.8958448000012,159.52649999962887,111.64331436157227,0.0,127.39300727844238,0.6998418091153006,111.64331436157227,0.0,0.0,0.0,VF2Layout,111.64331436157227,26,solution found,no better solution found,True,True,162,16,,"Intel64 Family 6 Model 181 Stepping 0, GenuineIntel","Intel64 Family 6 Model 181 Stepping 0, GenuineIntel",Windows-10-10.0.26100-SP0,3.11.9,2.5.2,58,20,42
8,108,116,0.9310344827586207,2.2586206896551726,42,19,3,3,1,2048.072050300001,158.30979999918782,95.73745727539062,0.0,122.05314636230469,0.6047475094775042,95.73745727539062,0.0,0.0,0.0,VF2Layout,95.73745727539062,26,solution found,no better solution found,True,True,162,16,,"Intel64 Family 6 Model 181 Stepping 0, GenuineIntel","Intel64 Family 6 Model 181 Stepping 0, GenuineIntel",Windows-10-10.0.26100-SP0,3.11.9,2.5.2,58,20,42
8,108,116,0.9310344827586207,2.2586206896551726,42,19,3,3,2,2048.2469445999996,154.97750000031374,111.48500442504883,0.0,127.52747535705566,0.7193625166545023,111.48500442504883,0.0,0.0,0.0,VF2Layout,111.48500442504883,26,solution found,no better solution found,True,True,162,16,,"Intel64 Family 6 Model 181 Stepping 0, GenuineIntel","Intel64 Family 6 Model 181 Stepping 0, GenuineIntel",Windows-10-10.0.26100-SP0,3.11.9,2.5.2,58,20,42
8,108,116,0.9310344827586207,2.2586206896551726,42,19,4,3,0,2049.2630592000005,167.66180000013264,95.22104263305664,0.0,111.18268966674805,0.5679352281377231,95.22104263305664,0.0,0.0,0.0,VF2Layout,95.22104263305664,26,solution found,no better solution found,True,True,162,16,,"Intel64 Family 6 Model 181 Stepping 0, GenuineIntel","Intel64 Family 6 Model 181 Stepping 0, GenuineIntel",Windows-10-10.0.26100-SP0,3.11.9,2.5.2,58,20,42
8,108,116,0.9310344827586207,2.2586206896551726,42,19,4,3,1,2049.4481503999996,150.87900000071386,95.0169563293457,0.0,126.5420913696289,0.6297560053347129,95.0169563293457,0.0,0.0,0.0,VF2Layout,95.0169563293457,26,solution found,no better solution found,True,True,162,16,,"Intel64 Family 6 Model 181 Stepping 0, GenuineIntel","Intel64 Family 6 Model 181 Stepping 0, GenuineIntel",Windows-10-10.0.26100-SP0,3.11.9,2.5.2,58,20,42
8,108,116,0.9310344827586207,2.2586206896551726,42,19,4,3,2,2049.6164630000003,148.7261000002036,86.46726608276367,0.0,108.89458656311035,0.5813859576943476,86.46726608276367,0.0,0.0,0.0,VF2Layout,86.46726608276367,26,solution found,no better solution found,True,True,162,16,,"Intel64 Family 6 Model 181 Stepping 0, GenuineIntel","Intel64 Family 6 Model 181 Stepping 0, GenuineIntel",Windows-10-10.0.26100-SP0,3.11.9,2.5.2,58,20,42
