Topology,AvgDegree,Physical,Level,Rep,StopReason,Success,Platform,Python,CPU,CPU_count,StartMethod,qiskit,rustworkx,networkx,numpy,core_ext
grid,3.5,64,2,0,VF2LayoutStopReason.NO_SOLUTION_FOUND,False,Windows-10-10.0.26100-SP0,3.11.9,"Intel64 Family 6 Model 181 Stepping 0, GenuineIntel",14,spawn,2.5.2,0.18.1,3.6.1,2.4.6,psf_zero_core.cp311-win_amd64.pyd:418304
grid,3.5,64,2,1,VF2LayoutStopReason.NO_SOLUTION_FOUND,False,Windows-10-10.0.26100-SP0,3.11.9,"Intel64 Family 6 Model 181 Stepping 0, GenuineIntel",14,spawn,2.5.2,0.18.1,3.6.1,2.4.6,psf_zero_core.cp311-win_amd64.pyd:418304
grid,3.5,64,2,2,VF2LayoutStopReason.NO_SOLUTION_FOUND,False,Windows-10-10.0.26100-SP0,3.11.9,"Intel64 Family 6 Model 181 Stepping 0, GenuineIntel",14,spawn,2.5.2,0.18.1,3.6.1,2.4.6,psf_zero_core.cp311-win_amd64.pyd:418304
grid,3.5,64,2,3,VF2LayoutStopReason.NO_SOLUTION_FOUND,False,Windows-10-10.0.26100-SP0,3.11.9,"Intel64 Family 6 Model 181 Stepping 0, GenuineIntel",14,spawn,2.5.2,0.18.1,3.6.1,2.4.6,psf_zero_core.cp311-win_amd64.pyd:418304
grid,3.5,64,2,4,VF2LayoutStopReason.NO_SOLUTION_FOUND,False,Windows-10-10.0.26100-SP0,3.11.9,"Intel64 Family 6 Model 181 Stepping 0, GenuineIntel",14,spawn,2.5.2,0.18.1,3.6.1,2.4.6,psf_zero_core.cp311-win_amd64.pyd:418304
grid,3.5,64,2,5,VF2LayoutStopReason.NO_SOLUTION_FOUND,False,Windows-10-10.0.26100-SP0,3.11.9,"Intel64 Family 6 Model 181 Stepping 0, GenuineIntel",14,spawn,2.5.2,0.18.1,3.6.1,2.4.6,psf_zero_core.cp311-win_amd64.pyd:418304
grid,3.5,64,2,6,VF2LayoutStopReason.NO_SOLUTION_FOUND,False,Windows-10-10.0.26100-SP0,3.11.9,"Intel64 Family 6 Model 181 Stepping 0, GenuineIntel",14,spawn,2.5.2,0.18.1,3.6.1,2.4.6,psf_zero_core.cp311-win_amd64.pyd:418304
grid,3.5,64,2,7,VF2LayoutStopReason.NO_SOLUTION_FOUND,False,Windows-10-10.0.26100-SP0,3.11.9,"Intel64 Family 6 Model 181 Stepping 0, GenuineIntel",14,spawn,2.5.2,0.18.1,3.6.1,2.4.6,psf_zero_core.cp311-win_amd64.pyd:418304
grid,3.5,64,2,8,VF2LayoutStopReason.NO_SOLUTION_FOUND,False,Windows-10-10.0.26100-SP0,3.11.9,"Intel64 Family 6 Model 181 Stepping 0, GenuineIntel",14,spawn,2.5.2,0.18.1,3.6.1,2.4.6,psf_zero_core.cp311-win_amd64.pyd:418304
grid,3.5,64,2,9,VF2LayoutStopReason.NO_SOLUTION_FOUND,False,Windows-10-10.0.26100-SP0,3.11.9,"Intel64 Family 6 Model 181 Stepping 0, GenuineIntel",14,spawn,2.5.2,0.18.1,3.6.1,2.4.6,psf_zero_core.cp311-win_amd64.pyd:418304
grid,3.5,64,2,10,VF2LayoutStopReason.NO_SOLUTION_FOUND,False,Windows-10-10.0.26100-SP0,3.11.9,"Intel64 Family 6 Model 181 Stepping 0, GenuineIntel",14,spawn,2.5.2,0.18.1,3.6.1,2.4.6,psf_zero_core.cp311-win_amd64.pyd:418304
grid,3.5,64,2,11,VF2LayoutStopReason.NO_SOLUTION_FOUND,False,Windows-10-10.0.26100-SP0,3.11.9,"Intel64 Family 6 Model 181 Stepping 0, GenuineIntel",14,spawn,2.5.2,0.18.1,3.6.1,2.4.6,psf_zero_core.cp311-win_amd64.pyd:418304
grid,3.5,64,2,12,VF2LayoutStopReason.NO_SOLUTION_FOUND,False,Windows-10-10.0.26100-SP0,3.11.9,"Intel64 Family 6 Model 181 Stepping 0, GenuineIntel",14,spawn,2.5.2,0.18.1,3.6.1,2.4.6,psf_zero_core.cp311-win_amd64.pyd:418304
grid,3.5,64,2,13,VF2LayoutStopReason.NO_SOLUTION_FOUND,False,Windows-10-10.0.26100-SP0,3.11.9,"Intel64 Family 6 Model 181 Stepping 0, GenuineIntel",14,spawn,2.5.2,0.18.1,3.6.1,2.4.6,psf_zero_core.cp311-win_amd64.pyd:418304
grid,3.5,64,2,14,VF2LayoutStopReason.NO_SOLUTION_FOUND,False,Windows-10-10.0.26100-SP0,3.11.9,"Intel64 Family 6 Model 181 Stepping 0, GenuineIntel",14,spawn,2.5.2,0.18.1,3.6.1,2.4.6,psf_zero_core.cp311-win_amd64.pyd:418304
brick,2.625,64,2,0,VF2LayoutStopReason.NO_SOLUTION_FOUND,False,Windows-10-10.0.26100-SP0,3.11.9,"Intel64 Family 6 Model 181 Stepping 0, GenuineIntel",14,spawn,2.5.2,0.18.1,3.6.1,2.4.6,psf_zero_core.cp311-win_amd64.pyd:418304
brick,2.625,64,2,1,VF2LayoutStopReason.NO_SOLUTION_FOUND,False,Windows-10-10.0.26100-SP0,3.11.9,"Intel64 Family 6 Model 181 Stepping 0, GenuineIntel",14,spawn,2.5.2,0.18.1,3.6.1,2.4.6,psf_zero_core.cp311-win_amd64.pyd:418304
brick,2.625,64,2,2,VF2LayoutStopReason.NO_SOLUTION_FOUND,False,Windows-10-10.0.26100-SP0,3.11.9,"Intel64 Family 6 Model 181 Stepping 0, GenuineIntel",14,spawn,2.5.2,0.18.1,3.6.1,2.4.6,psf_zero_core.cp311-win_amd64.pyd:418304
brick,2.625,64,2,3,VF2LayoutStopReason.NO_SOLUTION_FOUND,False,Windows-10-10.0.26100-SP0,3.11.9,"Intel64 Family 6 Model 181 Stepping 0, GenuineIntel",14,spawn,2.5.2,0.18.1,3.6.1,2.4.6,psf_zero_core.cp311-win_amd64.pyd:418304
brick,2.625,64,2,4,VF2LayoutStopReason.NO_SOLUTION_FOUND,False,Windows-10-10.0.26100-SP0,3.11.9,"Intel64 Family 6 Model 181 Stepping 0, GenuineIntel",14,spawn,2.5.2,0.18.1,3.6.1,2.4.6,psf_zero_core.cp311-win_amd64.pyd:418304
brick,2.625,64,2,5,VF2LayoutStopReason.NO_SOLUTION_FOUND,False,Windows-10-10.0.26100-SP0,3.11.9,"Intel64 Family 6 Model 181 Stepping 0, GenuineIntel",14,spawn,2.5.2,0.18.1,3.6.1,2.4.6,psf_zero_core.cp311-win_amd64.pyd:418304
brick,2.625,64,2,6,VF2LayoutStopReason.NO_SOLUTION_FOUND,False,Windows-10-10.0.26100-SP0,3.11.9,"Intel64 Family 6 Model 181 Stepping 0, GenuineIntel",14,spawn,2.5.2,0.18.1,3.6.1,2.4.6,psf_zero_core.cp311-win_amd64.pyd:418304
brick,2.625,64,2,7,VF2LayoutStopReason.NO_SOLUTION_FOUND,False,Windows-10-10.0.26100-SP0,3.11.9,"Intel64 Family 6 Model 181 Stepping 0, GenuineIntel",14,spawn,2.5.2,0.18.1,3.6.1,2.4.6,psf_zero_core.cp311-win_amd64.pyd:418304
brick,2.625,64,2,8,VF2LayoutStopReason.NO_SOLUTION_FOUND,False,Windows-10-10.0.26100-SP0,3.11.9,"Intel64 Family 6 Model 181 Stepping 0, GenuineIntel",14,spawn,2.5.2,0.18.1,3.6.1,2.4.6,psf_zero_core.cp311-win_amd64.pyd:418304
brick,2.625,64,2,9,VF2LayoutStopReason.NO_SOLUTION_FOUND,False,Windows-10-10.0.26100-SP0,3.11.9,"Intel64 Family 6 Model 181 Stepping 0, GenuineIntel",14,spawn,2.5.2,0.18.1,3.6.1,2.4.6,psf_zero_core.cp311-win_amd64.pyd:418304
brick,2.625,64,2,10,VF2LayoutStopReason.NO_SOLUTION_FOUND,False,Windows-10-10.0.26100-SP0,3.11.9,"Intel64 Family 6 Model 181 Stepping 0, GenuineIntel",14,spawn,2.5.2,0.18.1,3.6.1,2.4.6,psf_zero_core.cp311-win_amd64.pyd:418304
brick,2.625,64,2,11,VF2LayoutStopReason.NO_SOLUTION_FOUND,False,Windows-10-10.0.26100-SP0,3.11.9,"Intel64 Family 6 Model 181 Stepping 0, GenuineIntel",14,spawn,2.5.2,0.18.1,3.6.1,2.4.6,psf_zero_core.cp311-win_amd64.pyd:418304
brick,2.625,64,2,12,VF2LayoutStopReason.NO_SOLUTION_FOUND,False,Windows-10-10.0.26100-SP0,3.11.9,"Intel64 Family 6 Model 181 Stepping 0, GenuineIntel",14,spawn,2.5.2,0.18.1,3.6.1,2.4.6,psf_zero_core.cp311-win_amd64.pyd:418304
brick,2.625,64,2,13,VF2LayoutStopReason.NO_SOLUTION_FOUND,False,Windows-10-10.0.26100-SP0,3.11.9,"Intel64 Family 6 Model 181 Stepping 0, GenuineIntel",14,spawn,2.5.2,0.18.1,3.6.1,2.4.6,psf_zero_core.cp311-win_amd64.pyd:418304
brick,2.625,64,2,14,VF2LayoutStopReason.NO_SOLUTION_FOUND,False,Windows-10-10.0.26100-SP0,3.11.9,"Intel64 Family 6 Model 181 Stepping 0, GenuineIntel",14,spawn,2.5.2,0.18.1,3.6.1,2.4.6,psf_zero_core.cp311-win_amd64.pyd:418304
diluted_p0.25,2.25,64,2,0,VF2LayoutStopReason.NO_SOLUTION_FOUND,False,Windows-10-10.0.26100-SP0,3.11.9,"Intel64 Family 6 Model 181 Stepping 0, GenuineIntel",14,spawn,2.5.2,0.18.1,3.6.1,2.4.6,psf_zero_core.cp311-win_amd64.pyd:418304
diluted_p0.25,2.25,64,2,1,VF2LayoutStopReason.NO_SOLUTION_FOUND,False,Windows-10-10.0.26100-SP0,3.11.9,"Intel64 Family 6 Model 181 Stepping 0, GenuineIntel",14,spawn,2.5.2,0.18.1,3.6.1,2.4.6,psf_zero_core.cp311-win_amd64.pyd:418304
diluted_p0.25,2.25,64,2,2,VF2LayoutStopReason.NO_SOLUTION_FOUND,False,Windows-10-10.0.26100-SP0,3.11.9,"Intel64 Family 6 Model 181 Stepping 0, GenuineIntel",14,spawn,2.5.2,0.18.1,3.6.1,2.4.6,psf_zero_core.cp311-win_amd64.pyd:418304
diluted_p0.25,2.25,64,2,3,VF2LayoutStopReason.NO_SOLUTION_FOUND,False,Windows-10-10.0.26100-SP0,3.11.9,"Intel64 Family 6 Model 181 Stepping 0, GenuineIntel",14,spawn,2.5.2,0.18.1,3.6.1,2.4.6,psf_zero_core.cp311-win_amd64.pyd:418304
diluted_p0.25,2.25,64,2,4,VF2LayoutStopReason.NO_SOLUTION_FOUND,False,Windows-10-10.0.26100-SP0,3.11.9,"Intel64 Family 6 Model 181 Stepping 0, GenuineIntel",14,spawn,2.5.2,0.18.1,3.6.1,2.4.6,psf_zero_core.cp311-win_amd64.pyd:418304
diluted_p0.25,2.25,64,2,5,VF2LayoutStopReason.NO_SOLUTION_FOUND,False,Windows-10-10.0.26100-SP0,3.11.9,"Intel64 Family 6 Model 181 Stepping 0, GenuineIntel",14,spawn,2.5.2,0.18.1,3.6.1,2.4.6,psf_zero_core.cp311-win_amd64.pyd:418304
diluted_p0.25,2.25,64,2,6,VF2LayoutStopReason.NO_SOLUTION_FOUND,False,Windows-10-10.0.26100-SP0,3.11.9,"Intel64 Family 6 Model 181 Stepping 0, GenuineIntel",14,spawn,2.5.2,0.18.1,3.6.1,2.4.6,psf_zero_core.cp311-win_amd64.pyd:418304
diluted_p0.25,2.25,64,2,7,VF2LayoutStopReason.NO_SOLUTION_FOUND,False,Windows-10-10.0.26100-SP0,3.11.9,"Intel64 Family 6 Model 181 Stepping 0, GenuineIntel",14,spawn,2.5.2,0.18.1,3.6.1,2.4.6,psf_zero_core.cp311-win_amd64.pyd:418304
diluted_p0.25,2.25,64,2,8,VF2LayoutStopReason.NO_SOLUTION_FOUND,False,Windows-10-10.0.26100-SP0,3.11.9,"Intel64 Family 6 Model 181 Stepping 0, GenuineIntel",14,spawn,2.5.2,0.18.1,3.6.1,2.4.6,psf_zero_core.cp311-win_amd64.pyd:418304
diluted_p0.25,2.25,64,2,9,VF2LayoutStopReason.NO_SOLUTION_FOUND,False,Windows-10-10.0.26100-SP0,3.11.9,"Intel64 Family 6 Model 181 Stepping 0, GenuineIntel",14,spawn,2.5.2,0.18.1,3.6.1,2.4.6,psf_zero_core.cp311-win_amd64.pyd:418304
diluted_p0.25,2.25,64,2,10,VF2LayoutStopReason.NO_SOLUTION_FOUND,False,Windows-10-10.0.26100-SP0,3.11.9,"Intel64 Family 6 Model 181 Stepping 0, GenuineIntel",14,spawn,2.5.2,0.18.1,3.6.1,2.4.6,psf_zero_core.cp311-win_amd64.pyd:418304
diluted_p0.25,2.25,64,2,11,VF2LayoutStopReason.NO_SOLUTION_FOUND,False,Windows-10-10.0.26100-SP0,3.11.9,"Intel64 Family 6 Model 181 Stepping 0, GenuineIntel",14,spawn,2.5.2,0.18.1,3.6.1,2.4.6,psf_zero_core.cp311-win_amd64.pyd:418304
diluted_p0.25,2.25,64,2,12,VF2LayoutStopReason.NO_SOLUTION_FOUND,False,Windows-10-10.0.26100-SP0,3.11.9,"Intel64 Family 6 Model 181 Stepping 0, GenuineIntel",14,spawn,2.5.2,0.18.1,3.6.1,2.4.6,psf_zero_core.cp311-win_amd64.pyd:418304
diluted_p0.25,2.25,64,2,13,VF2LayoutStopReason.NO_SOLUTION_FOUND,False,Windows-10-10.0.26100-SP0,3.11.9,"Intel64 Family 6 Model 181 Stepping 0, GenuineIntel",14,spawn,2.5.2,0.18.1,3.6.1,2.4.6,psf_zero_core.cp311-win_amd64.pyd:418304
diluted_p0.25,2.25,64,2,14,VF2LayoutStopReason.NO_SOLUTION_FOUND,False,Windows-10-10.0.26100-SP0,3.11.9,"Intel64 Family 6 Model 181 Stepping 0, GenuineIntel",14,spawn,2.5.2,0.18.1,3.6.1,2.4.6,psf_zero_core.cp311-win_amd64.pyd:418304
diluted_p0.5,2.5,64,2,0,VF2LayoutStopReason.NO_SOLUTION_FOUND,False,Windows-10-10.0.26100-SP0,3.11.9,"Intel64 Family 6 Model 181 Stepping 0, GenuineIntel",14,spawn,2.5.2,0.18.1,3.6.1,2.4.6,psf_zero_core.cp311-win_amd64.pyd:418304
diluted_p0.5,2.5,64,2,1,VF2LayoutStopReason.NO_SOLUTION_FOUND,False,Windows-10-10.0.26100-SP0,3.11.9,"Intel64 Family 6 Model 181 Stepping 0, GenuineIntel",14,spawn,2.5.2,0.18.1,3.6.1,2.4.6,psf_zero_core.cp311-win_amd64.pyd:418304
diluted_p0.5,2.5,64,2,2,VF2LayoutStopReason.NO_SOLUTION_FOUND,False,Windows-10-10.0.26100-SP0,3.11.9,"Intel64 Family 6 Model 181 Stepping 0, GenuineIntel",14,spawn,2.5.2,0.18.1,3.6.1,2.4.6,psf_zero_core.cp311-win_amd64.pyd:418304
diluted_p0.5,2.5,64,2,3,VF2LayoutStopReason.NO_SOLUTION_FOUND,False,Windows-10-10.0.26100-SP0,3.11.9,"Intel64 Family 6 Model 181 Stepping 0, GenuineIntel",14,spawn,2.5.2,0.18.1,3.6.1,2.4.6,psf_zero_core.cp311-win_amd64.pyd:418304
diluted_p0.5,2.5,64,2,4,VF2LayoutStopReason.NO_SOLUTION_FOUND,False,Windows-10-10.0.26100-SP0,3.11.9,"Intel64 Family 6 Model 181 Stepping 0, GenuineIntel",14,spawn,2.5.2,0.18.1,3.6.1,2.4.6,psf_zero_core.cp311-win_amd64.pyd:418304
diluted_p0.5,2.5,64,2,5,VF2LayoutStopReason.NO_SOLUTION_FOUND,False,Windows-10-10.0.26100-SP0,3.11.9,"Intel64 Family 6 Model 181 Stepping 0, GenuineIntel",14,spawn,2.5.2,0.18.1,3.6.1,2.4.6,psf_zero_core.cp311-win_amd64.pyd:418304
diluted_p0.5,2.5,64,2,6,VF2LayoutStopReason.NO_SOLUTION_FOUND,False,Windows-10-10.0.26100-SP0,3.11.9,"Intel64 Family 6 Model 181 Stepping 0, GenuineIntel",14,spawn,2.5.2,0.18.1,3.6.1,2.4.6,psf_zero_core.cp311-win_amd64.pyd:418304
diluted_p0.5,2.5,64,2,7,VF2LayoutStopReason.NO_SOLUTION_FOUND,False,Windows-10-10.0.26100-SP0,3.11.9,"Intel64 Family 6 Model 181 Stepping 0, GenuineIntel",14,spawn,2.5.2,0.18.1,3.6.1,2.4.6,psf_zero_core.cp311-win_amd64.pyd:418304
diluted_p0.5,2.5,64,2,8,VF2LayoutStopReason.NO_SOLUTION_FOUND,False,Windows-10-10.0.26100-SP0,3.11.9,"Intel64 Family 6 Model 181 Stepping 0, GenuineIntel",14,spawn,2.5.2,0.18.1,3.6.1,2.4.6,psf_zero_core.cp311-win_amd64.pyd:418304
diluted_p0.5,2.5,64,2,9,VF2LayoutStopReason.NO_SOLUTION_FOUND,False,Windows-10-10.0.26100-SP0,3.11.9,"Intel64 Family 6 Model 181 Stepping 0, GenuineIntel",14,spawn,2.5.2,0.18.1,3.6.1,2.4.6,psf_zero_core.cp311-win_amd64.pyd:418304
diluted_p0.5,2.5,64,2,10,VF2LayoutStopReason.NO_SOLUTION_FOUND,False,Windows-10-10.0.26100-SP0,3.11.9,"Intel64 Family 6 Model 181 Stepping 0, GenuineIntel",14,spawn,2.5.2,0.18.1,3.6.1,2.4.6,psf_zero_core.cp311-win_amd64.pyd:418304
diluted_p0.5,2.5,64,2,11,VF2LayoutStopReason.NO_SOLUTION_FOUND,False,Windows-10-10.0.26100-SP0,3.11.9,"Intel64 Family 6 Model 181 Stepping 0, GenuineIntel",14,spawn,2.5.2,0.18.1,3.6.1,2.4.6,psf_zero_core.cp311-win_amd64.pyd:418304
diluted_p0.5,2.5,64,2,12,VF2LayoutStopReason.NO_SOLUTION_FOUND,False,Windows-10-10.0.26100-SP0,3.11.9,"Intel64 Family 6 Model 181 Stepping 0, GenuineIntel",14,spawn,2.5.2,0.18.1,3.6.1,2.4.6,psf_zero_core.cp311-win_amd64.pyd:418304
diluted_p0.5,2.5,64,2,13,VF2LayoutStopReason.NO_SOLUTION_FOUND,False,Windows-10-10.0.26100-SP0,3.11.9,"Intel64 Family 6 Model 181 Stepping 0, GenuineIntel",14,spawn,2.5.2,0.18.1,3.6.1,2.4.6,psf_zero_core.cp311-win_amd64.pyd:418304
diluted_p0.5,2.5,64,2,14,VF2LayoutStopReason.NO_SOLUTION_FOUND,False,Windows-10-10.0.26100-SP0,3.11.9,"Intel64 Family 6 Model 181 Stepping 0, GenuineIntel",14,spawn,2.5.2,0.18.1,3.6.1,2.4.6,psf_zero_core.cp311-win_amd64.pyd:418304
diluted_p0.75,2.875,64,2,0,VF2LayoutStopReason.SOLUTION_FOUND,True,Windows-10-10.0.26100-SP0,3.11.9,"Intel64 Family 6 Model 181 Stepping 0, GenuineIntel",14,spawn,2.5.2,0.18.1,3.6.1,2.4.6,psf_zero_core.cp311-win_amd64.pyd:418304
diluted_p0.75,2.875,64,2,1,VF2LayoutStopReason.SOLUTION_FOUND,True,Windows-10-10.0.26100-SP0,3.11.9,"Intel64 Family 6 Model 181 Stepping 0, GenuineIntel",14,spawn,2.5.2,0.18.1,3.6.1,2.4.6,psf_zero_core.cp311-win_amd64.pyd:418304
diluted_p0.75,2.875,64,2,2,VF2LayoutStopReason.SOLUTION_FOUND,True,Windows-10-10.0.26100-SP0,3.11.9,"Intel64 Family 6 Model 181 Stepping 0, GenuineIntel",14,spawn,2.5.2,0.18.1,3.6.1,2.4.6,psf_zero_core.cp311-win_amd64.pyd:418304
diluted_p0.75,2.875,64,2,3,VF2LayoutStopReason.SOLUTION_FOUND,True,Windows-10-10.0.26100-SP0,3.11.9,"Intel64 Family 6 Model 181 Stepping 0, GenuineIntel",14,spawn,2.5.2,0.18.1,3.6.1,2.4.6,psf_zero_core.cp311-win_amd64.pyd:418304
diluted_p0.75,2.875,64,2,4,VF2LayoutStopReason.SOLUTION_FOUND,True,Windows-10-10.0.26100-SP0,3.11.9,"Intel64 Family 6 Model 181 Stepping 0, GenuineIntel",14,spawn,2.5.2,0.18.1,3.6.1,2.4.6,psf_zero_core.cp311-win_amd64.pyd:418304
diluted_p0.75,2.875,64,2,5,VF2LayoutStopReason.SOLUTION_FOUND,True,Windows-10-10.0.26100-SP0,3.11.9,"Intel64 Family 6 Model 181 Stepping 0, GenuineIntel",14,spawn,2.5.2,0.18.1,3.6.1,2.4.6,psf_zero_core.cp311-win_amd64.pyd:418304
diluted_p0.75,2.875,64,2,6,VF2LayoutStopReason.SOLUTION_FOUND,True,Windows-10-10.0.26100-SP0,3.11.9,"Intel64 Family 6 Model 181 Stepping 0, GenuineIntel",14,spawn,2.5.2,0.18.1,3.6.1,2.4.6,psf_zero_core.cp311-win_amd64.pyd:418304
diluted_p0.75,2.875,64,2,7,VF2LayoutStopReason.SOLUTION_FOUND,True,Windows-10-10.0.26100-SP0,3.11.9,"Intel64 Family 6 Model 181 Stepping 0, GenuineIntel",14,spawn,2.5.2,0.18.1,3.6.1,2.4.6,psf_zero_core.cp311-win_amd64.pyd:418304
diluted_p0.75,2.875,64,2,8,VF2LayoutStopReason.SOLUTION_FOUND,True,Windows-10-10.0.26100-SP0,3.11.9,"Intel64 Family 6 Model 181 Stepping 0, GenuineIntel",14,spawn,2.5.2,0.18.1,3.6.1,2.4.6,psf_zero_core.cp311-win_amd64.pyd:418304
diluted_p0.75,2.875,64,2,9,VF2LayoutStopReason.SOLUTION_FOUND,True,Windows-10-10.0.26100-SP0,3.11.9,"Intel64 Family 6 Model 181 Stepping 0, GenuineIntel",14,spawn,2.5.2,0.18.1,3.6.1,2.4.6,psf_zero_core.cp311-win_amd64.pyd:418304
diluted_p0.75,2.875,64,2,10,VF2LayoutStopReason.SOLUTION_FOUND,True,Windows-10-10.0.26100-SP0,3.11.9,"Intel64 Family 6 Model 181 Stepping 0, GenuineIntel",14,spawn,2.5.2,0.18.1,3.6.1,2.4.6,psf_zero_core.cp311-win_amd64.pyd:418304
diluted_p0.75,2.875,64,2,11,VF2LayoutStopReason.SOLUTION_FOUND,True,Windows-10-10.0.26100-SP0,3.11.9,"Intel64 Family 6 Model 181 Stepping 0, GenuineIntel",14,spawn,2.5.2,0.18.1,3.6.1,2.4.6,psf_zero_core.cp311-win_amd64.pyd:418304
diluted_p0.75,2.875,64,2,12,VF2LayoutStopReason.SOLUTION_FOUND,True,Windows-10-10.0.26100-SP0,3.11.9,"Intel64 Family 6 Model 181 Stepping 0, GenuineIntel",14,spawn,2.5.2,0.18.1,3.6.1,2.4.6,psf_zero_core.cp311-win_amd64.pyd:418304
diluted_p0.75,2.875,64,2,13,VF2LayoutStopReason.SOLUTION_FOUND,True,Windows-10-10.0.26100-SP0,3.11.9,"Intel64 Family 6 Model 181 Stepping 0, GenuineIntel",14,spawn,2.5.2,0.18.1,3.6.1,2.4.6,psf_zero_core.cp311-win_amd64.pyd:418304
diluted_p0.75,2.875,64,2,14,VF2LayoutStopReason.SOLUTION_FOUND,True,Windows-10-10.0.26100-SP0,3.11.9,"Intel64 Family 6 Model 181 Stepping 0, GenuineIntel",14,spawn,2.5.2,0.18.1,3.6.1,2.4.6,psf_zero_core.cp311-win_amd64.pyd:418304
line,1.96875,64,2,0,VF2LayoutStopReason.NO_SOLUTION_FOUND,False,Windows-10-10.0.26100-SP0,3.11.9,"Intel64 Family 6 Model 181 Stepping 0, GenuineIntel",14,spawn,2.5.2,0.18.1,3.6.1,2.4.6,psf_zero_core.cp311-win_amd64.pyd:418304
line,1.96875,64,2,1,VF2LayoutStopReason.NO_SOLUTION_FOUND,False,Windows-10-10.0.26100-SP0,3.11.9,"Intel64 Family 6 Model 181 Stepping 0, GenuineIntel",14,spawn,2.5.2,0.18.1,3.6.1,2.4.6,psf_zero_core.cp311-win_amd64.pyd:418304
line,1.96875,64,2,2,VF2LayoutStopReason.NO_SOLUTION_FOUND,False,Windows-10-10.0.26100-SP0,3.11.9,"Intel64 Family 6 Model 181 Stepping 0, GenuineIntel",14,spawn,2.5.2,0.18.1,3.6.1,2.4.6,psf_zero_core.cp311-win_amd64.pyd:418304
line,1.96875,64,2,3,VF2LayoutStopReason.NO_SOLUTION_FOUND,False,Windows-10-10.0.26100-SP0,3.11.9,"Intel64 Family 6 Model 181 Stepping 0, GenuineIntel",14,spawn,2.5.2,0.18.1,3.6.1,2.4.6,psf_zero_core.cp311-win_amd64.pyd:418304
line,1.96875,64,2,4,VF2LayoutStopReason.NO_SOLUTION_FOUND,False,Windows-10-10.0.26100-SP0,3.11.9,"Intel64 Family 6 Model 181 Stepping 0, GenuineIntel",14,spawn,2.5.2,0.18.1,3.6.1,2.4.6,psf_zero_core.cp311-win_amd64.pyd:418304
line,1.96875,64,2,5,VF2LayoutStopReason.NO_SOLUTION_FOUND,False,Windows-10-10.0.26100-SP0,3.11.9,"Intel64 Family 6 Model 181 Stepping 0, GenuineIntel",14,spawn,2.5.2,0.18.1,3.6.1,2.4.6,psf_zero_core.cp311-win_amd64.pyd:418304
line,1.96875,64,2,6,VF2LayoutStopReason.NO_SOLUTION_FOUND,False,Windows-10-10.0.26100-SP0,3.11.9,"Intel64 Family 6 Model 181 Stepping 0, GenuineIntel",14,spawn,2.5.2,0.18.1,3.6.1,2.4.6,psf_zero_core.cp311-win_amd64.pyd:418304
line,1.96875,64,2,7,VF2LayoutStopReason.NO_SOLUTION_FOUND,False,Windows-10-10.0.26100-SP0,3.11.9,"Intel64 Family 6 Model 181 Stepping 0, GenuineIntel",14,spawn,2.5.2,0.18.1,3.6.1,2.4.6,psf_zero_core.cp311-win_amd64.pyd:418304
line,1.96875,64,2,8,VF2LayoutStopReason.NO_SOLUTION_FOUND,False,Windows-10-10.0.26100-SP0,3.11.9,"Intel64 Family 6 Model 181 Stepping 0, GenuineIntel",14,spawn,2.5.2,0.18.1,3.6.1,2.4.6,psf_zero_core.cp311-win_amd64.pyd:418304
line,1.96875,64,2,9,VF2LayoutStopReason.NO_SOLUTION_FOUND,False,Windows-10-10.0.26100-SP0,3.11.9,"Intel64 Family 6 Model 181 Stepping 0, GenuineIntel",14,spawn,2.5.2,0.18.1,3.6.1,2.4.6,psf_zero_core.cp311-win_amd64.pyd:418304
line,1.96875,64,2,10,VF2LayoutStopReason.NO_SOLUTION_FOUND,False,Windows-10-10.0.26100-SP0,3.11.9,"Intel64 Family 6 Model 181 Stepping 0, GenuineIntel",14,spawn,2.5.2,0.18.1,3.6.1,2.4.6,psf_zero_core.cp311-win_amd64.pyd:418304
line,1.96875,64,2,11,VF2LayoutStopReason.NO_SOLUTION_FOUND,False,Windows-10-10.0.26100-SP0,3.11.9,"Intel64 Family 6 Model 181 Stepping 0, GenuineIntel",14,spawn,2.5.2,0.18.1,3.6.1,2.4.6,psf_zero_core.cp311-win_amd64.pyd:418304
line,1.96875,64,2,12,VF2LayoutStopReason.NO_SOLUTION_FOUND,False,Windows-10-10.0.26100-SP0,3.11.9,"Intel64 Family 6 Model 181 Stepping 0, GenuineIntel",14,spawn,2.5.2,0.18.1,3.6.1,2.4.6,psf_zero_core.cp311-win_amd64.pyd:418304
line,1.96875,64,2,13,VF2LayoutStopReason.NO_SOLUTION_FOUND,False,Windows-10-10.0.26100-SP0,3.11.9,"Intel64 Family 6 Model 181 Stepping 0, GenuineIntel",14,spawn,2.5.2,0.18.1,3.6.1,2.4.6,psf_zero_core.cp311-win_amd64.pyd:418304
line,1.96875,64,2,14,VF2LayoutStopReason.NO_SOLUTION_FOUND,False,Windows-10-10.0.26100-SP0,3.11.9,"Intel64 Family 6 Model 181 Stepping 0, GenuineIntel",14,spawn,2.5.2,0.18.1,3.6.1,2.4.6,psf_zero_core.cp311-win_amd64.pyd:418304
